09:32:08:306  INFO 13308 --- [main] com.hmall.pay.PayApplication             : Starting PayApplication using Java 17.0.18 on LAPTOP-TAHSHQGJ with PID 13308 (D:\shuangti\woekspace147\microService147\hmall\pay-service\target\classes started by guorenhao in D:\shuangti\woekspace147\microService147)
09:32:08:309 DEBUG 13308 --- [main] com.hmall.pay.PayApplication             : Running with Spring Boot v2.7.12, Spring v5.3.27
09:32:08:310  INFO 13308 --- [main] com.hmall.pay.PayApplication             : The following 1 profile is active: "dev"
09:32:10:357  INFO 13308 --- [main] o.s.cloud.context.scope.GenericScope     : BeanFactory id=a2fb5caa-c240-3302-b863-81079c3383fb
09:32:11:404  INFO 13308 --- [main] o.s.b.w.embedded.tomcat.TomcatWebServer  : Tomcat initialized with port(s): 8085 (http)
09:32:11:427  INFO 13308 --- [main] o.apache.catalina.core.StandardService   : Starting service [Tomcat]
09:32:11:428  INFO 13308 --- [main] org.apache.catalina.core.StandardEngine  : Starting Servlet engine: [Apache Tomcat/9.0.75]
09:32:11:765  INFO 13308 --- [main] o.a.c.c.C.[Tomcat].[localhost].[/]       : Initializing Spring embedded WebApplicationContext
09:32:11:766  INFO 13308 --- [main] w.s.c.ServletWebServerApplicationContext : Root WebApplicationContext: initialization completed in 3379 ms
09:32:12:121  INFO 13308 --- [main] o.s.c.openfeign.FeignClientFactoryBean   : For 'user-service' URL not provided. Will try picking an instance via load-balancing.
09:32:12:250  INFO 13308 --- [main] o.s.c.openfeign.FeignClientFactoryBean   : For 'trade-service' URL not provided. Will try picking an instance via load-balancing.
09:32:14:081  INFO 13308 --- [main] pertySourcedRequestMappingHandlerMapping : Mapped URL path [/v2/api-docs] onto method [springfox.documentation.swagger2.web.Swagger2ControllerWebMvc#getDocumentation(String, HttpServletRequest)]
09:32:15:065  INFO 13308 --- [main] com.alibaba.nacos.common.remote.client   : [RpcClientFactory] create a new rpc client of b5de4e18-8416-4600-bea4-f0f65e67fabf
09:32:15:203  INFO 13308 --- [main] org.reflections.Reflections              : Reflections took 52 ms to scan 1 urls, producing 3 keys and 6 values 
09:32:15:251  INFO 13308 --- [main] org.reflections.Reflections              : Reflections took 11 ms to scan 1 urls, producing 4 keys and 9 values 
09:32:15:266  INFO 13308 --- [main] org.reflections.Reflections              : Reflections took 10 ms to scan 1 urls, producing 3 keys and 10 values 
09:32:15:270  WARN 13308 --- [main] org.reflections.Reflections              : given scan urls are empty. set urls in the configuration
09:32:15:280  INFO 13308 --- [main] org.reflections.Reflections              : Reflections took 8 ms to scan 1 urls, producing 1 keys and 5 values 
09:32:15:291  INFO 13308 --- [main] org.reflections.Reflections              : Reflections took 7 ms to scan 1 urls, producing 1 keys and 7 values 
09:32:15:303  INFO 13308 --- [main] org.reflections.Reflections              : Reflections took 7 ms to scan 1 urls, producing 2 keys and 8 values 
09:32:15:309  WARN 13308 --- [main] org.reflections.Reflections              : given scan urls are empty. set urls in the configuration
09:32:15:311  INFO 13308 --- [main] com.alibaba.nacos.common.remote.client   : [b5de4e18-8416-4600-bea4-f0f65e67fabf] RpcClient init label, labels = {module=naming, source=sdk}
09:32:15:314  INFO 13308 --- [main] com.alibaba.nacos.common.remote.client   : [b5de4e18-8416-4600-bea4-f0f65e67fabf] RpcClient init, ServerListFactory = com.alibaba.nacos.client.naming.core.ServerListManager
09:32:15:314  INFO 13308 --- [main] com.alibaba.nacos.common.remote.client   : [b5de4e18-8416-4600-bea4-f0f65e67fabf] Registry connection listener to current client:com.alibaba.nacos.client.naming.remote.gprc.redo.NamingGrpcRedoService
09:32:15:316  INFO 13308 --- [main] com.alibaba.nacos.common.remote.client   : [b5de4e18-8416-4600-bea4-f0f65e67fabf] Register server push request handler:com.alibaba.nacos.client.naming.remote.gprc.NamingPushRequestHandler
09:32:15:318  INFO 13308 --- [main] com.alibaba.nacos.common.remote.client   : [b5de4e18-8416-4600-bea4-f0f65e67fabf] Try to connect to server on start up, server: {serverIp = '192.168.12.6', server main port = 8848}
09:32:17:150  INFO 13308 --- [main] com.alibaba.nacos.common.remote.client   : [b5de4e18-8416-4600-bea4-f0f65e67fabf] Success to connect to server [192.168.12.6:8848] on start up, connectionId = 1779672733634_192.168.12.1_2181
09:32:17:151  INFO 13308 --- [com.alibaba.nacos.client.remote.worker] com.alibaba.nacos.common.remote.client   : [b5de4e18-8416-4600-bea4-f0f65e67fabf] Notify connected event to listeners.
09:32:17:152  INFO 13308 --- [main] com.alibaba.nacos.common.remote.client   : [b5de4e18-8416-4600-bea4-f0f65e67fabf] Register server push request handler:com.alibaba.nacos.common.remote.client.RpcClient$ConnectResetRequestHandler
09:32:17:152  INFO 13308 --- [main] com.alibaba.nacos.common.remote.client   : [b5de4e18-8416-4600-bea4-f0f65e67fabf] Register server push request handler:com.alibaba.nacos.common.remote.client.RpcClient$$Lambda$994/0x000000001c7c2b90
09:32:17:252  INFO 13308 --- [main] o.s.b.w.embedded.tomcat.TomcatWebServer  : Tomcat started on port(s): 8085 (http) with context path ''
09:32:17:273  INFO 13308 --- [main] c.a.c.n.registry.NacosServiceRegistry    : nacos registry, DEFAULT_GROUP pay-service 10.40.16.98:8085 register finished
09:32:17:550  INFO 13308 --- [main] d.s.w.p.DocumentationPluginsBootstrapper : Documentation plugins bootstrapped
09:32:17:554  INFO 13308 --- [main] d.s.w.p.DocumentationPluginsBootstrapper : Found 1 custom documentation plugin(s)
09:32:17:581  INFO 13308 --- [main] s.d.s.w.s.ApiListingReferenceScanner     : Scanning for api listing references
09:32:17:682  INFO 13308 --- [main] com.hmall.pay.PayApplication             : Started PayApplication in 10.832 seconds (JVM running for 12.475)
09:32:17:773  INFO 13308 --- [nacos-grpc-client-executor-10] com.alibaba.nacos.common.remote.client   : [b5de4e18-8416-4600-bea4-f0f65e67fabf] Receive server push request, request = NotifySubscriberRequest, requestId = 1
09:32:17:776  INFO 13308 --- [nacos-grpc-client-executor-10] com.alibaba.nacos.common.remote.client   : [b5de4e18-8416-4600-bea4-f0f65e67fabf] Ack server push request, request = NotifySubscriberRequest, requestId = 1
09:33:32:031  INFO 13308 --- [http-nio-8085-exec-1] o.a.c.c.C.[Tomcat].[localhost].[/]       : Initializing Spring DispatcherServlet 'dispatcherServlet'
09:33:32:032  INFO 13308 --- [http-nio-8085-exec-1] o.s.web.servlet.DispatcherServlet        : Initializing Servlet 'dispatcherServlet'
09:33:32:042  INFO 13308 --- [http-nio-8085-exec-1] o.s.web.servlet.DispatcherServlet        : Completed initialization in 10 ms
09:34:45:150  WARN 13308 --- [Thread-7] c.a.n.common.http.HttpClientBeanHolder   : [HttpClientBeanHolder] Start destroying common HttpClient
09:34:45:150  WARN 13308 --- [Thread-4] c.a.nacos.common.notify.NotifyCenter     : [NotifyCenter] Start destroying Publisher
09:34:45:151  WARN 13308 --- [Thread-4] c.a.nacos.common.notify.NotifyCenter     : [NotifyCenter] Destruction of the end
09:34:45:151  WARN 13308 --- [Thread-7] c.a.n.common.http.HttpClientBeanHolder   : [HttpClientBeanHolder] Destruction of the end
09:34:45:201  INFO 13308 --- [SpringApplicationShutdownHook] c.a.c.n.registry.NacosServiceRegistry    : De-registering from Nacos Server now...
09:34:45:206  INFO 13308 --- [SpringApplicationShutdownHook] c.a.c.n.registry.NacosServiceRegistry    : De-registration finished.
09:34:45:540  INFO 13308 --- [SpringApplicationShutdownHook] com.alibaba.nacos.common.remote.client   : Shutdown rpc client, set status to shutdown
09:34:45:541  INFO 13308 --- [SpringApplicationShutdownHook] com.alibaba.nacos.common.remote.client   : Shutdown client event executor java.util.concurrent.ScheduledThreadPoolExecutor@58613359[Running, pool size = 2, active threads = 2, queued tasks = 0, completed tasks = 0]
09:34:45:541  INFO 13308 --- [SpringApplicationShutdownHook] com.alibaba.nacos.common.remote.client   : Close current connection 1779672733634_192.168.12.1_2181
09:34:45:542  INFO 13308 --- [nacos-grpc-client-executor-50] c.a.n.c.remote.client.grpc.GrpcClient    : [1779672733634_192.168.12.1_2181]Ignore complete event,isRunning:false,isAbandon=false
09:34:45:549  INFO 13308 --- [SpringApplicationShutdownHook] c.a.n.c.remote.client.grpc.GrpcClient    : Shutdown grpc executor java.util.concurrent.ThreadPoolExecutor@2b3128db[Running, pool size = 6, active threads = 0, queued tasks = 0, completed tasks = 51]
16:18:07:047  INFO 10104 --- [main] com.hmall.pay.PayApplication             : Starting PayApplication using Java 17.0.18 on LAPTOP-TAHSHQGJ with PID 10104 (D:\shuangti\woekspace147\microService147\hmall\pay-service\target\classes started by guorenhao in D:\shuangti\woekspace147\microService147)
16:18:07:051 DEBUG 10104 --- [main] com.hmall.pay.PayApplication             : Running with Spring Boot v2.7.12, Spring v5.3.27
16:18:07:051  INFO 10104 --- [main] com.hmall.pay.PayApplication             : The following 1 profile is active: "dev"
16:18:08:463  INFO 10104 --- [main] o.s.cloud.context.scope.GenericScope     : BeanFactory id=a2fb5caa-c240-3302-b863-81079c3383fb
16:18:09:079  INFO 10104 --- [main] o.s.b.w.embedded.tomcat.TomcatWebServer  : Tomcat initialized with port(s): 8085 (http)
16:18:09:092  INFO 10104 --- [main] o.apache.catalina.core.StandardService   : Starting service [Tomcat]
16:18:09:092  INFO 10104 --- [main] org.apache.catalina.core.StandardEngine  : Starting Servlet engine: [Apache Tomcat/9.0.75]
16:18:09:346  INFO 10104 --- [main] o.a.c.c.C.[Tomcat].[localhost].[/]       : Initializing Spring embedded WebApplicationContext
16:18:09:347  INFO 10104 --- [main] w.s.c.ServletWebServerApplicationContext : Root WebApplicationContext: initialization completed in 2226 ms
16:18:09:637  INFO 10104 --- [main] o.s.c.openfeign.FeignClientFactoryBean   : For 'user-service' URL not provided. Will try picking an instance via load-balancing.
16:18:09:703  INFO 10104 --- [main] o.s.c.openfeign.FeignClientFactoryBean   : For 'trade-service' URL not provided. Will try picking an instance via load-balancing.
16:18:10:904  INFO 10104 --- [main] pertySourcedRequestMappingHandlerMapping : Mapped URL path [/v2/api-docs] onto method [springfox.documentation.swagger2.web.Swagger2ControllerWebMvc#getDocumentation(String, HttpServletRequest)]
16:18:11:613  INFO 10104 --- [main] com.alibaba.nacos.common.remote.client   : [RpcClientFactory] create a new rpc client of adef972f-8e5b-46b0-9e46-afdfa13a802b
16:18:11:716  INFO 10104 --- [main] org.reflections.Reflections              : Reflections took 42 ms to scan 1 urls, producing 3 keys and 6 values 
16:18:11:758  INFO 10104 --- [main] org.reflections.Reflections              : Reflections took 14 ms to scan 1 urls, producing 4 keys and 9 values 
16:18:11:770  INFO 10104 --- [main] org.reflections.Reflections              : Reflections took 7 ms to scan 1 urls, producing 3 keys and 10 values 
16:18:11:773  WARN 10104 --- [main] org.reflections.Reflections              : given scan urls are empty. set urls in the configuration
16:18:11:780  INFO 10104 --- [main] org.reflections.Reflections              : Reflections took 6 ms to scan 1 urls, producing 1 keys and 5 values 
16:18:11:790  INFO 10104 --- [main] org.reflections.Reflections              : Reflections took 7 ms to scan 1 urls, producing 1 keys and 7 values 
16:18:11:801  INFO 10104 --- [main] org.reflections.Reflections              : Reflections took 7 ms to scan 1 urls, producing 2 keys and 8 values 
16:18:11:804  WARN 10104 --- [main] org.reflections.Reflections              : given scan urls are empty. set urls in the configuration
16:18:11:805  INFO 10104 --- [main] com.alibaba.nacos.common.remote.client   : [adef972f-8e5b-46b0-9e46-afdfa13a802b] RpcClient init label, labels = {module=naming, source=sdk}
16:18:11:808  INFO 10104 --- [main] com.alibaba.nacos.common.remote.client   : [adef972f-8e5b-46b0-9e46-afdfa13a802b] RpcClient init, ServerListFactory = com.alibaba.nacos.client.naming.core.ServerListManager
16:18:11:809  INFO 10104 --- [main] com.alibaba.nacos.common.remote.client   : [adef972f-8e5b-46b0-9e46-afdfa13a802b] Registry connection listener to current client:com.alibaba.nacos.client.naming.remote.gprc.redo.NamingGrpcRedoService
16:18:11:810  INFO 10104 --- [main] com.alibaba.nacos.common.remote.client   : [adef972f-8e5b-46b0-9e46-afdfa13a802b] Register server push request handler:com.alibaba.nacos.client.naming.remote.gprc.NamingPushRequestHandler
16:18:11:812  INFO 10104 --- [main] com.alibaba.nacos.common.remote.client   : [adef972f-8e5b-46b0-9e46-afdfa13a802b] Try to connect to server on start up, server: {serverIp = '192.168.12.6', server main port = 8848}
16:18:13:305  INFO 10104 --- [main] com.alibaba.nacos.common.remote.client   : [adef972f-8e5b-46b0-9e46-afdfa13a802b] Success to connect to server [192.168.12.6:8848] on start up, connectionId = 1779697089929_192.168.12.1_5763
16:18:13:306  INFO 10104 --- [com.alibaba.nacos.client.remote.worker] com.alibaba.nacos.common.remote.client   : [adef972f-8e5b-46b0-9e46-afdfa13a802b] Notify connected event to listeners.
16:18:13:306  INFO 10104 --- [main] com.alibaba.nacos.common.remote.client   : [adef972f-8e5b-46b0-9e46-afdfa13a802b] Register server push request handler:com.alibaba.nacos.common.remote.client.RpcClient$ConnectResetRequestHandler
16:18:13:307  INFO 10104 --- [main] com.alibaba.nacos.common.remote.client   : [adef972f-8e5b-46b0-9e46-afdfa13a802b] Register server push request handler:com.alibaba.nacos.common.remote.client.RpcClient$$Lambda$994/0x000000001c7cb010
16:18:13:375  INFO 10104 --- [main] o.s.b.w.embedded.tomcat.TomcatWebServer  : Tomcat started on port(s): 8085 (http) with context path ''
16:18:13:385  INFO 10104 --- [main] c.a.c.n.registry.NacosServiceRegistry    : nacos registry, DEFAULT_GROUP pay-service 10.40.16.98:8085 register finished
16:18:13:633  INFO 10104 --- [main] d.s.w.p.DocumentationPluginsBootstrapper : Documentation plugins bootstrapped
16:18:13:636  INFO 10104 --- [main] d.s.w.p.DocumentationPluginsBootstrapper : Found 1 custom documentation plugin(s)
16:18:13:662  INFO 10104 --- [main] s.d.s.w.s.ApiListingReferenceScanner     : Scanning for api listing references
16:18:13:753  INFO 10104 --- [main] com.hmall.pay.PayApplication             : Started PayApplication in 7.893 seconds (JVM running for 9.028)
16:18:13:944  INFO 10104 --- [nacos-grpc-client-executor-9] com.alibaba.nacos.common.remote.client   : [adef972f-8e5b-46b0-9e46-afdfa13a802b] Receive server push request, request = NotifySubscriberRequest, requestId = 6
16:18:13:947  INFO 10104 --- [nacos-grpc-client-executor-9] com.alibaba.nacos.common.remote.client   : [adef972f-8e5b-46b0-9e46-afdfa13a802b] Ack server push request, request = NotifySubscriberRequest, requestId = 6
16:18:50:853  INFO 10104 --- [http-nio-8085-exec-2] o.a.c.c.C.[Tomcat].[localhost].[/]       : Initializing Spring DispatcherServlet 'dispatcherServlet'
16:18:50:855  INFO 10104 --- [http-nio-8085-exec-2] o.s.web.servlet.DispatcherServlet        : Initializing Servlet 'dispatcherServlet'
16:18:50:865  INFO 10104 --- [http-nio-8085-exec-2] o.s.web.servlet.DispatcherServlet        : Completed initialization in 10 ms
17:07:46:197  INFO 10104 --- [http-nio-8085-exec-6] com.zaxxer.hikari.HikariDataSource       : HikariPool-1 - Starting...
17:07:46:460  INFO 10104 --- [http-nio-8085-exec-6] com.zaxxer.hikari.HikariDataSource       : HikariPool-1 - Start completed.
17:07:46:529 DEBUG 10104 --- [http-nio-8085-exec-6] c.h.p.mapper.PayOrderMapper.selectById   : ==>  Preparing: SELECT id,biz_order_no,pay_order_no,biz_user_id,pay_channel_code,amount,pay_type,status,expand_json,result_code,result_msg,pay_success_time,pay_over_time,qr_code_url,create_time,update_time,creater,updater,is_delete FROM pay_order WHERE id=?
17:07:46:563 DEBUG 10104 --- [http-nio-8085-exec-6] c.h.p.mapper.PayOrderMapper.selectById   : ==> Parameters: 1659160218174607363(Long)
17:07:46:611 DEBUG 10104 --- [http-nio-8085-exec-6] c.h.p.mapper.PayOrderMapper.selectById   : <==      Total: 1
17:07:46:633 ERROR 10104 --- [http-nio-8085-exec-6] o.a.c.c.C.[.[.[/].[dispatcherServlet]    : Servlet.service() for servlet [dispatcherServlet] in context with path [] threw exception [Request processing failed; nested exception is com.hmall.common.exception.BizIllegalException: 交易已支付或关闭！] with root cause

com.hmall.common.exception.BizIllegalException: 交易已支付或关闭！
	at com.hmall.pay.service.impl.PayOrderServiceImpl.tryPayOrderByBalance(PayOrderServiceImpl.java:55) ~[classes/:na]
	at com.hmall.pay.service.impl.PayOrderServiceImpl$$FastClassBySpringCGLIB$$b2062e7f.invoke(<generated>) ~[classes/:na]
	at org.springframework.cglib.proxy.MethodProxy.invoke(MethodProxy.java:218) ~[spring-core-5.3.27.jar:5.3.27]
	at org.springframework.aop.framework.CglibAopProxy$CglibMethodInvocation.invokeJoinpoint(CglibAopProxy.java:793) ~[spring-aop-5.3.27.jar:5.3.27]
	at org.springframework.aop.framework.ReflectiveMethodInvocation.proceed(ReflectiveMethodInvocation.java:163) ~[spring-aop-5.3.27.jar:5.3.27]
	at org.springframework.aop.framework.CglibAopProxy$CglibMethodInvocation.proceed(CglibAopProxy.java:763) ~[spring-aop-5.3.27.jar:5.3.27]
	at org.springframework.transaction.interceptor.TransactionInterceptor$1.proceedWithInvocation(TransactionInterceptor.java:123) ~[spring-tx-5.3.27.jar:5.3.27]
	at org.springframework.transaction.interceptor.TransactionAspectSupport.invokeWithinTransaction(TransactionAspectSupport.java:388) ~[spring-tx-5.3.27.jar:5.3.27]
	at org.springframework.transaction.interceptor.TransactionInterceptor.invoke(TransactionInterceptor.java:119) ~[spring-tx-5.3.27.jar:5.3.27]
	at org.springframework.aop.framework.ReflectiveMethodInvocation.proceed(ReflectiveMethodInvocation.java:186) ~[spring-aop-5.3.27.jar:5.3.27]
	at org.springframework.aop.framework.CglibAopProxy$CglibMethodInvocation.proceed(CglibAopProxy.java:763) ~[spring-aop-5.3.27.jar:5.3.27]
	at org.springframework.aop.framework.CglibAopProxy$DynamicAdvisedInterceptor.intercept(CglibAopProxy.java:708) ~[spring-aop-5.3.27.jar:5.3.27]
	at com.hmall.pay.service.impl.PayOrderServiceImpl$$EnhancerBySpringCGLIB$$fc169735.tryPayOrderByBalance(<generated>) ~[classes/:na]
	at com.hmall.pay.controller.PayController.tryPayOrderByBalance(PayController.java:37) ~[classes/:na]
	at java.base/jdk.internal.reflect.NativeMethodAccessorImpl.invoke0(Native Method) ~[na:na]
	at java.base/jdk.internal.reflect.NativeMethodAccessorImpl.invoke(NativeMethodAccessorImpl.java:77) ~[na:na]
	at java.base/jdk.internal.reflect.DelegatingMethodAccessorImpl.invoke(DelegatingMethodAccessorImpl.java:43) ~[na:na]
	at java.base/java.lang.reflect.Method.invoke(Method.java:569) ~[na:na]
	at org.springframework.web.method.support.InvocableHandlerMethod.doInvoke(InvocableHandlerMethod.java:205) ~[spring-web-5.3.27.jar:5.3.27]
	at org.springframework.web.method.support.InvocableHandlerMethod.invokeForRequest(InvocableHandlerMethod.java:150) ~[spring-web-5.3.27.jar:5.3.27]
	at org.springframework.web.servlet.mvc.method.annotation.ServletInvocableHandlerMethod.invokeAndHandle(ServletInvocableHandlerMethod.java:117) ~[spring-webmvc-5.3.27.jar:5.3.27]
	at org.springframework.web.servlet.mvc.method.annotation.RequestMappingHandlerAdapter.invokeHandlerMethod(RequestMappingHandlerAdapter.java:895) ~[spring-webmvc-5.3.27.jar:5.3.27]
	at org.springframework.web.servlet.mvc.method.annotation.RequestMappingHandlerAdapter.handleInternal(RequestMappingHandlerAdapter.java:808) ~[spring-webmvc-5.3.27.jar:5.3.27]
	at org.springframework.web.servlet.mvc.method.AbstractHandlerMethodAdapter.handle(AbstractHandlerMethodAdapter.java:87) ~[spring-webmvc-5.3.27.jar:5.3.27]
	at org.springframework.web.servlet.DispatcherServlet.doDispatch(DispatcherServlet.java:1072) ~[spring-webmvc-5.3.27.jar:5.3.27]
	at org.springframework.web.servlet.DispatcherServlet.doService(DispatcherServlet.java:965) ~[spring-webmvc-5.3.27.jar:5.3.27]
	at org.springframework.web.servlet.FrameworkServlet.processRequest(FrameworkServlet.java:1006) ~[spring-webmvc-5.3.27.jar:5.3.27]
	at org.springframework.web.servlet.FrameworkServlet.doPost(FrameworkServlet.java:909) ~[spring-webmvc-5.3.27.jar:5.3.27]
	at javax.servlet.http.HttpServlet.service(HttpServlet.java:555) ~[tomcat-embed-core-9.0.75.jar:4.0.FR]
	at org.springframework.web.servlet.FrameworkServlet.service(FrameworkServlet.java:883) ~[spring-webmvc-5.3.27.jar:5.3.27]
	at javax.servlet.http.HttpServlet.service(HttpServlet.java:623) ~[tomcat-embed-core-9.0.75.jar:4.0.FR]
	at org.apache.catalina.core.ApplicationFilterChain.internalDoFilter(ApplicationFilterChain.java:209) ~[tomcat-embed-core-9.0.75.jar:9.0.75]
	at org.apache.catalina.core.ApplicationFilterChain.doFilter(ApplicationFilterChain.java:153) ~[tomcat-embed-core-9.0.75.jar:9.0.75]
	at org.apache.tomcat.websocket.server.WsFilter.doFilter(WsFilter.java:51) ~[tomcat-embed-websocket-9.0.75.jar:9.0.75]
	at org.apache.catalina.core.ApplicationFilterChain.internalDoFilter(ApplicationFilterChain.java:178) ~[tomcat-embed-core-9.0.75.jar:9.0.75]
	at org.apache.catalina.core.ApplicationFilterChain.doFilter(ApplicationFilterChain.java:153) ~[tomcat-embed-core-9.0.75.jar:9.0.75]
	at org.springframework.web.filter.RequestContextFilter.doFilterInternal(RequestContextFilter.java:100) ~[spring-web-5.3.27.jar:5.3.27]
	at org.springframework.web.filter.OncePerRequestFilter.doFilter(OncePerRequestFilter.java:117) ~[spring-web-5.3.27.jar:5.3.27]
	at org.apache.catalina.core.ApplicationFilterChain.internalDoFilter(ApplicationFilterChain.java:178) ~[tomcat-embed-core-9.0.75.jar:9.0.75]
	at org.apache.catalina.core.ApplicationFilterChain.doFilter(ApplicationFilterChain.java:153) ~[tomcat-embed-core-9.0.75.jar:9.0.75]
	at org.springframework.web.filter.FormContentFilter.doFilterInternal(FormContentFilter.java:93) ~[spring-web-5.3.27.jar:5.3.27]
	at org.springframework.web.filter.OncePerRequestFilter.doFilter(OncePerRequestFilter.java:117) ~[spring-web-5.3.27.jar:5.3.27]
	at org.apache.catalina.core.ApplicationFilterChain.internalDoFilter(ApplicationFilterChain.java:178) ~[tomcat-embed-core-9.0.75.jar:9.0.75]
	at org.apache.catalina.core.ApplicationFilterChain.doFilter(ApplicationFilterChain.java:153) ~[tomcat-embed-core-9.0.75.jar:9.0.75]
	at org.springframework.web.filter.CharacterEncodingFilter.doFilterInternal(CharacterEncodingFilter.java:201) ~[spring-web-5.3.27.jar:5.3.27]
	at org.springframework.web.filter.OncePerRequestFilter.doFilter(OncePerRequestFilter.java:117) ~[spring-web-5.3.27.jar:5.3.27]
	at org.apache.catalina.core.ApplicationFilterChain.internalDoFilter(ApplicationFilterChain.java:178) ~[tomcat-embed-core-9.0.75.jar:9.0.75]
	at org.apache.catalina.core.ApplicationFilterChain.doFilter(ApplicationFilterChain.java:153) ~[tomcat-embed-core-9.0.75.jar:9.0.75]
	at org.apache.catalina.core.StandardWrapperValve.invoke(StandardWrapperValve.java:167) ~[tomcat-embed-core-9.0.75.jar:9.0.75]
	at org.apache.catalina.core.StandardContextValve.invoke(StandardContextValve.java:90) ~[tomcat-embed-core-9.0.75.jar:9.0.75]
	at org.apache.catalina.authenticator.AuthenticatorBase.invoke(AuthenticatorBase.java:481) ~[tomcat-embed-core-9.0.75.jar:9.0.75]
	at org.apache.catalina.core.StandardHostValve.invoke(StandardHostValve.java:130) ~[tomcat-embed-core-9.0.75.jar:9.0.75]
	at org.apache.catalina.valves.ErrorReportValve.invoke(ErrorReportValve.java:93) ~[tomcat-embed-core-9.0.75.jar:9.0.75]
	at org.apache.catalina.core.StandardEngineValve.invoke(StandardEngineValve.java:74) ~[tomcat-embed-core-9.0.75.jar:9.0.75]
	at org.apache.catalina.connector.CoyoteAdapter.service(CoyoteAdapter.java:343) ~[tomcat-embed-core-9.0.75.jar:9.0.75]
	at org.apache.coyote.http11.Http11Processor.service(Http11Processor.java:390) ~[tomcat-embed-core-9.0.75.jar:9.0.75]
	at org.apache.coyote.AbstractProcessorLight.process(AbstractProcessorLight.java:63) ~[tomcat-embed-core-9.0.75.jar:9.0.75]
	at org.apache.coyote.AbstractProtocol$ConnectionHandler.process(AbstractProtocol.java:926) ~[tomcat-embed-core-9.0.75.jar:9.0.75]
	at org.apache.tomcat.util.net.NioEndpoint$SocketProcessor.doRun(NioEndpoint.java:1791) ~[tomcat-embed-core-9.0.75.jar:9.0.75]
	at org.apache.tomcat.util.net.SocketProcessorBase.run(SocketProcessorBase.java:52) ~[tomcat-embed-core-9.0.75.jar:9.0.75]
	at org.apache.tomcat.util.threads.ThreadPoolExecutor.runWorker(ThreadPoolExecutor.java:1191) ~[tomcat-embed-core-9.0.75.jar:9.0.75]
	at org.apache.tomcat.util.threads.ThreadPoolExecutor$Worker.run(ThreadPoolExecutor.java:659) ~[tomcat-embed-core-9.0.75.jar:9.0.75]
	at org.apache.tomcat.util.threads.TaskThread$WrappingRunnable.run(TaskThread.java:61) ~[tomcat-embed-core-9.0.75.jar:9.0.75]
	at java.base/java.lang.Thread.run(Thread.java:840) ~[na:na]

17:10:45:492 DEBUG 10104 --- [http-nio-8085-exec-5] c.h.p.mapper.PayOrderMapper.selectById   : ==>  Preparing: SELECT id,biz_order_no,pay_order_no,biz_user_id,pay_channel_code,amount,pay_type,status,expand_json,result_code,result_msg,pay_success_time,pay_over_time,qr_code_url,create_time,update_time,creater,updater,is_delete FROM pay_order WHERE id=?
17:10:45:496 DEBUG 10104 --- [http-nio-8085-exec-5] c.h.p.mapper.PayOrderMapper.selectById   : ==> Parameters: 1659160218174607363(Long)
17:10:45:501 DEBUG 10104 --- [http-nio-8085-exec-5] c.h.p.mapper.PayOrderMapper.selectById   : <==      Total: 1
17:10:45:510 ERROR 10104 --- [http-nio-8085-exec-5] o.a.c.c.C.[.[.[/].[dispatcherServlet]    : Servlet.service() for servlet [dispatcherServlet] in context with path [] threw exception [Request processing failed; nested exception is com.hmall.common.exception.BizIllegalException: 交易已支付或关闭！] with root cause

com.hmall.common.exception.BizIllegalException: 交易已支付或关闭！
	at com.hmall.pay.service.impl.PayOrderServiceImpl.tryPayOrderByBalance(PayOrderServiceImpl.java:55) ~[classes/:na]
	at com.hmall.pay.service.impl.PayOrderServiceImpl$$FastClassBySpringCGLIB$$b2062e7f.invoke(<generated>) ~[classes/:na]
	at org.springframework.cglib.proxy.MethodProxy.invoke(MethodProxy.java:218) ~[spring-core-5.3.27.jar:5.3.27]
	at org.springframework.aop.framework.CglibAopProxy$CglibMethodInvocation.invokeJoinpoint(CglibAopProxy.java:793) ~[spring-aop-5.3.27.jar:5.3.27]
	at org.springframework.aop.framework.ReflectiveMethodInvocation.proceed(ReflectiveMethodInvocation.java:163) ~[spring-aop-5.3.27.jar:5.3.27]
	at org.springframework.aop.framework.CglibAopProxy$CglibMethodInvocation.proceed(CglibAopProxy.java:763) ~[spring-aop-5.3.27.jar:5.3.27]
	at org.springframework.transaction.interceptor.TransactionInterceptor$1.proceedWithInvocation(TransactionInterceptor.java:123) ~[spring-tx-5.3.27.jar:5.3.27]
	at org.springframework.transaction.interceptor.TransactionAspectSupport.invokeWithinTransaction(TransactionAspectSupport.java:388) ~[spring-tx-5.3.27.jar:5.3.27]
	at org.springframework.transaction.interceptor.TransactionInterceptor.invoke(TransactionInterceptor.java:119) ~[spring-tx-5.3.27.jar:5.3.27]
	at org.springframework.aop.framework.ReflectiveMethodInvocation.proceed(ReflectiveMethodInvocation.java:186) ~[spring-aop-5.3.27.jar:5.3.27]
	at org.springframework.aop.framework.CglibAopProxy$CglibMethodInvocation.proceed(CglibAopProxy.java:763) ~[spring-aop-5.3.27.jar:5.3.27]
	at org.springframework.aop.framework.CglibAopProxy$DynamicAdvisedInterceptor.intercept(CglibAopProxy.java:708) ~[spring-aop-5.3.27.jar:5.3.27]
	at com.hmall.pay.service.impl.PayOrderServiceImpl$$EnhancerBySpringCGLIB$$fc169735.tryPayOrderByBalance(<generated>) ~[classes/:na]
	at com.hmall.pay.controller.PayController.tryPayOrderByBalance(PayController.java:37) ~[classes/:na]
	at java.base/jdk.internal.reflect.NativeMethodAccessorImpl.invoke0(Native Method) ~[na:na]
	at java.base/jdk.internal.reflect.NativeMethodAccessorImpl.invoke(NativeMethodAccessorImpl.java:77) ~[na:na]
	at java.base/jdk.internal.reflect.DelegatingMethodAccessorImpl.invoke(DelegatingMethodAccessorImpl.java:43) ~[na:na]
	at java.base/java.lang.reflect.Method.invoke(Method.java:569) ~[na:na]
	at org.springframework.web.method.support.InvocableHandlerMethod.doInvoke(InvocableHandlerMethod.java:205) ~[spring-web-5.3.27.jar:5.3.27]
	at org.springframework.web.method.support.InvocableHandlerMethod.invokeForRequest(InvocableHandlerMethod.java:150) ~[spring-web-5.3.27.jar:5.3.27]
	at org.springframework.web.servlet.mvc.method.annotation.ServletInvocableHandlerMethod.invokeAndHandle(ServletInvocableHandlerMethod.java:117) ~[spring-webmvc-5.3.27.jar:5.3.27]
	at org.springframework.web.servlet.mvc.method.annotation.RequestMappingHandlerAdapter.invokeHandlerMethod(RequestMappingHandlerAdapter.java:895) ~[spring-webmvc-5.3.27.jar:5.3.27]
	at org.springframework.web.servlet.mvc.method.annotation.RequestMappingHandlerAdapter.handleInternal(RequestMappingHandlerAdapter.java:808) ~[spring-webmvc-5.3.27.jar:5.3.27]
	at org.springframework.web.servlet.mvc.method.AbstractHandlerMethodAdapter.handle(AbstractHandlerMethodAdapter.java:87) ~[spring-webmvc-5.3.27.jar:5.3.27]
	at org.springframework.web.servlet.DispatcherServlet.doDispatch(DispatcherServlet.java:1072) ~[spring-webmvc-5.3.27.jar:5.3.27]
	at org.springframework.web.servlet.DispatcherServlet.doService(DispatcherServlet.java:965) ~[spring-webmvc-5.3.27.jar:5.3.27]
	at org.springframework.web.servlet.FrameworkServlet.processRequest(FrameworkServlet.java:1006) ~[spring-webmvc-5.3.27.jar:5.3.27]
	at org.springframework.web.servlet.FrameworkServlet.doPost(FrameworkServlet.java:909) ~[spring-webmvc-5.3.27.jar:5.3.27]
	at javax.servlet.http.HttpServlet.service(HttpServlet.java:555) ~[tomcat-embed-core-9.0.75.jar:4.0.FR]
	at org.springframework.web.servlet.FrameworkServlet.service(FrameworkServlet.java:883) ~[spring-webmvc-5.3.27.jar:5.3.27]
	at javax.servlet.http.HttpServlet.service(HttpServlet.java:623) ~[tomcat-embed-core-9.0.75.jar:4.0.FR]
	at org.apache.catalina.core.ApplicationFilterChain.internalDoFilter(ApplicationFilterChain.java:209) ~[tomcat-embed-core-9.0.75.jar:9.0.75]
	at org.apache.catalina.core.ApplicationFilterChain.doFilter(ApplicationFilterChain.java:153) ~[tomcat-embed-core-9.0.75.jar:9.0.75]
	at org.apache.tomcat.websocket.server.WsFilter.doFilter(WsFilter.java:51) ~[tomcat-embed-websocket-9.0.75.jar:9.0.75]
	at org.apache.catalina.core.ApplicationFilterChain.internalDoFilter(ApplicationFilterChain.java:178) ~[tomcat-embed-core-9.0.75.jar:9.0.75]
	at org.apache.catalina.core.ApplicationFilterChain.doFilter(ApplicationFilterChain.java:153) ~[tomcat-embed-core-9.0.75.jar:9.0.75]
	at org.springframework.web.filter.RequestContextFilter.doFilterInternal(RequestContextFilter.java:100) ~[spring-web-5.3.27.jar:5.3.27]
	at org.springframework.web.filter.OncePerRequestFilter.doFilter(OncePerRequestFilter.java:117) ~[spring-web-5.3.27.jar:5.3.27]
	at org.apache.catalina.core.ApplicationFilterChain.internalDoFilter(ApplicationFilterChain.java:178) ~[tomcat-embed-core-9.0.75.jar:9.0.75]
	at org.apache.catalina.core.ApplicationFilterChain.doFilter(ApplicationFilterChain.java:153) ~[tomcat-embed-core-9.0.75.jar:9.0.75]
	at org.springframework.web.filter.FormContentFilter.doFilterInternal(FormContentFilter.java:93) ~[spring-web-5.3.27.jar:5.3.27]
	at org.springframework.web.filter.OncePerRequestFilter.doFilter(OncePerRequestFilter.java:117) ~[spring-web-5.3.27.jar:5.3.27]
	at org.apache.catalina.core.ApplicationFilterChain.internalDoFilter(ApplicationFilterChain.java:178) ~[tomcat-embed-core-9.0.75.jar:9.0.75]
	at org.apache.catalina.core.ApplicationFilterChain.doFilter(ApplicationFilterChain.java:153) ~[tomcat-embed-core-9.0.75.jar:9.0.75]
	at org.springframework.web.filter.CharacterEncodingFilter.doFilterInternal(CharacterEncodingFilter.java:201) ~[spring-web-5.3.27.jar:5.3.27]
	at org.springframework.web.filter.OncePerRequestFilter.doFilter(OncePerRequestFilter.java:117) ~[spring-web-5.3.27.jar:5.3.27]
	at org.apache.catalina.core.ApplicationFilterChain.internalDoFilter(ApplicationFilterChain.java:178) ~[tomcat-embed-core-9.0.75.jar:9.0.75]
	at org.apache.catalina.core.ApplicationFilterChain.doFilter(ApplicationFilterChain.java:153) ~[tomcat-embed-core-9.0.75.jar:9.0.75]
	at org.apache.catalina.core.StandardWrapperValve.invoke(StandardWrapperValve.java:167) ~[tomcat-embed-core-9.0.75.jar:9.0.75]
	at org.apache.catalina.core.StandardContextValve.invoke(StandardContextValve.java:90) ~[tomcat-embed-core-9.0.75.jar:9.0.75]
	at org.apache.catalina.authenticator.AuthenticatorBase.invoke(AuthenticatorBase.java:481) ~[tomcat-embed-core-9.0.75.jar:9.0.75]
	at org.apache.catalina.core.StandardHostValve.invoke(StandardHostValve.java:130) ~[tomcat-embed-core-9.0.75.jar:9.0.75]
	at org.apache.catalina.valves.ErrorReportValve.invoke(ErrorReportValve.java:93) ~[tomcat-embed-core-9.0.75.jar:9.0.75]
	at org.apache.catalina.core.StandardEngineValve.invoke(StandardEngineValve.java:74) ~[tomcat-embed-core-9.0.75.jar:9.0.75]
	at org.apache.catalina.connector.CoyoteAdapter.service(CoyoteAdapter.java:343) ~[tomcat-embed-core-9.0.75.jar:9.0.75]
	at org.apache.coyote.http11.Http11Processor.service(Http11Processor.java:390) ~[tomcat-embed-core-9.0.75.jar:9.0.75]
	at org.apache.coyote.AbstractProcessorLight.process(AbstractProcessorLight.java:63) ~[tomcat-embed-core-9.0.75.jar:9.0.75]
	at org.apache.coyote.AbstractProtocol$ConnectionHandler.process(AbstractProtocol.java:926) ~[tomcat-embed-core-9.0.75.jar:9.0.75]
	at org.apache.tomcat.util.net.NioEndpoint$SocketProcessor.doRun(NioEndpoint.java:1791) ~[tomcat-embed-core-9.0.75.jar:9.0.75]
	at org.apache.tomcat.util.net.SocketProcessorBase.run(SocketProcessorBase.java:52) ~[tomcat-embed-core-9.0.75.jar:9.0.75]
	at org.apache.tomcat.util.threads.ThreadPoolExecutor.runWorker(ThreadPoolExecutor.java:1191) ~[tomcat-embed-core-9.0.75.jar:9.0.75]
	at org.apache.tomcat.util.threads.ThreadPoolExecutor$Worker.run(ThreadPoolExecutor.java:659) ~[tomcat-embed-core-9.0.75.jar:9.0.75]
	at org.apache.tomcat.util.threads.TaskThread$WrappingRunnable.run(TaskThread.java:61) ~[tomcat-embed-core-9.0.75.jar:9.0.75]
	at java.base/java.lang.Thread.run(Thread.java:840) ~[na:na]

17:10:52:817 ERROR 10104 --- [http-nio-8085-exec-2] o.a.c.c.C.[.[.[/].[dispatcherServlet]    : Servlet.service() for servlet [dispatcherServlet] in context with path [] threw exception [Request processing failed; nested exception is com.hmall.common.exception.BizIllegalException: 抱歉，目前只支持余额支付] with root cause

com.hmall.common.exception.BizIllegalException: 抱歉，目前只支持余额支付
	at com.hmall.pay.controller.PayController.applyPayOrder(PayController.java:27) ~[classes/:na]
	at java.base/jdk.internal.reflect.NativeMethodAccessorImpl.invoke0(Native Method) ~[na:na]
	at java.base/jdk.internal.reflect.NativeMethodAccessorImpl.invoke(NativeMethodAccessorImpl.java:77) ~[na:na]
	at java.base/jdk.internal.reflect.DelegatingMethodAccessorImpl.invoke(DelegatingMethodAccessorImpl.java:43) ~[na:na]
	at java.base/java.lang.reflect.Method.invoke(Method.java:569) ~[na:na]
	at org.springframework.web.method.support.InvocableHandlerMethod.doInvoke(InvocableHandlerMethod.java:205) ~[spring-web-5.3.27.jar:5.3.27]
	at org.springframework.web.method.support.InvocableHandlerMethod.invokeForRequest(InvocableHandlerMethod.java:150) ~[spring-web-5.3.27.jar:5.3.27]
	at org.springframework.web.servlet.mvc.method.annotation.ServletInvocableHandlerMethod.invokeAndHandle(ServletInvocableHandlerMethod.java:117) ~[spring-webmvc-5.3.27.jar:5.3.27]
	at org.springframework.web.servlet.mvc.method.annotation.RequestMappingHandlerAdapter.invokeHandlerMethod(RequestMappingHandlerAdapter.java:895) ~[spring-webmvc-5.3.27.jar:5.3.27]
	at org.springframework.web.servlet.mvc.method.annotation.RequestMappingHandlerAdapter.handleInternal(RequestMappingHandlerAdapter.java:808) ~[spring-webmvc-5.3.27.jar:5.3.27]
	at org.springframework.web.servlet.mvc.method.AbstractHandlerMethodAdapter.handle(AbstractHandlerMethodAdapter.java:87) ~[spring-webmvc-5.3.27.jar:5.3.27]
	at org.springframework.web.servlet.DispatcherServlet.doDispatch(DispatcherServlet.java:1072) ~[spring-webmvc-5.3.27.jar:5.3.27]
	at org.springframework.web.servlet.DispatcherServlet.doService(DispatcherServlet.java:965) ~[spring-webmvc-5.3.27.jar:5.3.27]
	at org.springframework.web.servlet.FrameworkServlet.processRequest(FrameworkServlet.java:1006) ~[spring-webmvc-5.3.27.jar:5.3.27]
	at org.springframework.web.servlet.FrameworkServlet.doPost(FrameworkServlet.java:909) ~[spring-webmvc-5.3.27.jar:5.3.27]
	at javax.servlet.http.HttpServlet.service(HttpServlet.java:555) ~[tomcat-embed-core-9.0.75.jar:4.0.FR]
	at org.springframework.web.servlet.FrameworkServlet.service(FrameworkServlet.java:883) ~[spring-webmvc-5.3.27.jar:5.3.27]
	at javax.servlet.http.HttpServlet.service(HttpServlet.java:623) ~[tomcat-embed-core-9.0.75.jar:4.0.FR]
	at org.apache.catalina.core.ApplicationFilterChain.internalDoFilter(ApplicationFilterChain.java:209) ~[tomcat-embed-core-9.0.75.jar:9.0.75]
	at org.apache.catalina.core.ApplicationFilterChain.doFilter(ApplicationFilterChain.java:153) ~[tomcat-embed-core-9.0.75.jar:9.0.75]
	at org.apache.tomcat.websocket.server.WsFilter.doFilter(WsFilter.java:51) ~[tomcat-embed-websocket-9.0.75.jar:9.0.75]
	at org.apache.catalina.core.ApplicationFilterChain.internalDoFilter(ApplicationFilterChain.java:178) ~[tomcat-embed-core-9.0.75.jar:9.0.75]
	at org.apache.catalina.core.ApplicationFilterChain.doFilter(ApplicationFilterChain.java:153) ~[tomcat-embed-core-9.0.75.jar:9.0.75]
	at org.springframework.web.filter.RequestContextFilter.doFilterInternal(RequestContextFilter.java:100) ~[spring-web-5.3.27.jar:5.3.27]
	at org.springframework.web.filter.OncePerRequestFilter.doFilter(OncePerRequestFilter.java:117) ~[spring-web-5.3.27.jar:5.3.27]
	at org.apache.catalina.core.ApplicationFilterChain.internalDoFilter(ApplicationFilterChain.java:178) ~[tomcat-embed-core-9.0.75.jar:9.0.75]
	at org.apache.catalina.core.ApplicationFilterChain.doFilter(ApplicationFilterChain.java:153) ~[tomcat-embed-core-9.0.75.jar:9.0.75]
	at org.springframework.web.filter.FormContentFilter.doFilterInternal(FormContentFilter.java:93) ~[spring-web-5.3.27.jar:5.3.27]
	at org.springframework.web.filter.OncePerRequestFilter.doFilter(OncePerRequestFilter.java:117) ~[spring-web-5.3.27.jar:5.3.27]
	at org.apache.catalina.core.ApplicationFilterChain.internalDoFilter(ApplicationFilterChain.java:178) ~[tomcat-embed-core-9.0.75.jar:9.0.75]
	at org.apache.catalina.core.ApplicationFilterChain.doFilter(ApplicationFilterChain.java:153) ~[tomcat-embed-core-9.0.75.jar:9.0.75]
	at org.springframework.web.filter.CharacterEncodingFilter.doFilterInternal(CharacterEncodingFilter.java:201) ~[spring-web-5.3.27.jar:5.3.27]
	at org.springframework.web.filter.OncePerRequestFilter.doFilter(OncePerRequestFilter.java:117) ~[spring-web-5.3.27.jar:5.3.27]
	at org.apache.catalina.core.ApplicationFilterChain.internalDoFilter(ApplicationFilterChain.java:178) ~[tomcat-embed-core-9.0.75.jar:9.0.75]
	at org.apache.catalina.core.ApplicationFilterChain.doFilter(ApplicationFilterChain.java:153) ~[tomcat-embed-core-9.0.75.jar:9.0.75]
	at org.apache.catalina.core.StandardWrapperValve.invoke(StandardWrapperValve.java:167) ~[tomcat-embed-core-9.0.75.jar:9.0.75]
	at org.apache.catalina.core.StandardContextValve.invoke(StandardContextValve.java:90) ~[tomcat-embed-core-9.0.75.jar:9.0.75]
	at org.apache.catalina.authenticator.AuthenticatorBase.invoke(AuthenticatorBase.java:481) ~[tomcat-embed-core-9.0.75.jar:9.0.75]
	at org.apache.catalina.core.StandardHostValve.invoke(StandardHostValve.java:130) ~[tomcat-embed-core-9.0.75.jar:9.0.75]
	at org.apache.catalina.valves.ErrorReportValve.invoke(ErrorReportValve.java:93) ~[tomcat-embed-core-9.0.75.jar:9.0.75]
	at org.apache.catalina.core.StandardEngineValve.invoke(StandardEngineValve.java:74) ~[tomcat-embed-core-9.0.75.jar:9.0.75]
	at org.apache.catalina.connector.CoyoteAdapter.service(CoyoteAdapter.java:343) ~[tomcat-embed-core-9.0.75.jar:9.0.75]
	at org.apache.coyote.http11.Http11Processor.service(Http11Processor.java:390) ~[tomcat-embed-core-9.0.75.jar:9.0.75]
	at org.apache.coyote.AbstractProcessorLight.process(AbstractProcessorLight.java:63) ~[tomcat-embed-core-9.0.75.jar:9.0.75]
	at org.apache.coyote.AbstractProtocol$ConnectionHandler.process(AbstractProtocol.java:926) ~[tomcat-embed-core-9.0.75.jar:9.0.75]
	at org.apache.tomcat.util.net.NioEndpoint$SocketProcessor.doRun(NioEndpoint.java:1791) ~[tomcat-embed-core-9.0.75.jar:9.0.75]
	at org.apache.tomcat.util.net.SocketProcessorBase.run(SocketProcessorBase.java:52) ~[tomcat-embed-core-9.0.75.jar:9.0.75]
	at org.apache.tomcat.util.threads.ThreadPoolExecutor.runWorker(ThreadPoolExecutor.java:1191) ~[tomcat-embed-core-9.0.75.jar:9.0.75]
	at org.apache.tomcat.util.threads.ThreadPoolExecutor$Worker.run(ThreadPoolExecutor.java:659) ~[tomcat-embed-core-9.0.75.jar:9.0.75]
	at org.apache.tomcat.util.threads.TaskThread$WrappingRunnable.run(TaskThread.java:61) ~[tomcat-embed-core-9.0.75.jar:9.0.75]
	at java.base/java.lang.Thread.run(Thread.java:840) ~[na:na]

17:10:53:601 ERROR 10104 --- [http-nio-8085-exec-1] o.a.c.c.C.[.[.[/].[dispatcherServlet]    : Servlet.service() for servlet [dispatcherServlet] in context with path [] threw exception [Request processing failed; nested exception is com.hmall.common.exception.BizIllegalException: 抱歉，目前只支持余额支付] with root cause

com.hmall.common.exception.BizIllegalException: 抱歉，目前只支持余额支付
	at com.hmall.pay.controller.PayController.applyPayOrder(PayController.java:27) ~[classes/:na]
	at java.base/jdk.internal.reflect.NativeMethodAccessorImpl.invoke0(Native Method) ~[na:na]
	at java.base/jdk.internal.reflect.NativeMethodAccessorImpl.invoke(NativeMethodAccessorImpl.java:77) ~[na:na]
	at java.base/jdk.internal.reflect.DelegatingMethodAccessorImpl.invoke(DelegatingMethodAccessorImpl.java:43) ~[na:na]
	at java.base/java.lang.reflect.Method.invoke(Method.java:569) ~[na:na]
	at org.springframework.web.method.support.InvocableHandlerMethod.doInvoke(InvocableHandlerMethod.java:205) ~[spring-web-5.3.27.jar:5.3.27]
	at org.springframework.web.method.support.InvocableHandlerMethod.invokeForRequest(InvocableHandlerMethod.java:150) ~[spring-web-5.3.27.jar:5.3.27]
	at org.springframework.web.servlet.mvc.method.annotation.ServletInvocableHandlerMethod.invokeAndHandle(ServletInvocableHandlerMethod.java:117) ~[spring-webmvc-5.3.27.jar:5.3.27]
	at org.springframework.web.servlet.mvc.method.annotation.RequestMappingHandlerAdapter.invokeHandlerMethod(RequestMappingHandlerAdapter.java:895) ~[spring-webmvc-5.3.27.jar:5.3.27]
	at org.springframework.web.servlet.mvc.method.annotation.RequestMappingHandlerAdapter.handleInternal(RequestMappingHandlerAdapter.java:808) ~[spring-webmvc-5.3.27.jar:5.3.27]
	at org.springframework.web.servlet.mvc.method.AbstractHandlerMethodAdapter.handle(AbstractHandlerMethodAdapter.java:87) ~[spring-webmvc-5.3.27.jar:5.3.27]
	at org.springframework.web.servlet.DispatcherServlet.doDispatch(DispatcherServlet.java:1072) ~[spring-webmvc-5.3.27.jar:5.3.27]
	at org.springframework.web.servlet.DispatcherServlet.doService(DispatcherServlet.java:965) ~[spring-webmvc-5.3.27.jar:5.3.27]
	at org.springframework.web.servlet.FrameworkServlet.processRequest(FrameworkServlet.java:1006) ~[spring-webmvc-5.3.27.jar:5.3.27]
	at org.springframework.web.servlet.FrameworkServlet.doPost(FrameworkServlet.java:909) ~[spring-webmvc-5.3.27.jar:5.3.27]
	at javax.servlet.http.HttpServlet.service(HttpServlet.java:555) ~[tomcat-embed-core-9.0.75.jar:4.0.FR]
	at org.springframework.web.servlet.FrameworkServlet.service(FrameworkServlet.java:883) ~[spring-webmvc-5.3.27.jar:5.3.27]
	at javax.servlet.http.HttpServlet.service(HttpServlet.java:623) ~[tomcat-embed-core-9.0.75.jar:4.0.FR]
	at org.apache.catalina.core.ApplicationFilterChain.internalDoFilter(ApplicationFilterChain.java:209) ~[tomcat-embed-core-9.0.75.jar:9.0.75]
	at org.apache.catalina.core.ApplicationFilterChain.doFilter(ApplicationFilterChain.java:153) ~[tomcat-embed-core-9.0.75.jar:9.0.75]
	at org.apache.tomcat.websocket.server.WsFilter.doFilter(WsFilter.java:51) ~[tomcat-embed-websocket-9.0.75.jar:9.0.75]
	at org.apache.catalina.core.ApplicationFilterChain.internalDoFilter(ApplicationFilterChain.java:178) ~[tomcat-embed-core-9.0.75.jar:9.0.75]
	at org.apache.catalina.core.ApplicationFilterChain.doFilter(ApplicationFilterChain.java:153) ~[tomcat-embed-core-9.0.75.jar:9.0.75]
	at org.springframework.web.filter.RequestContextFilter.doFilterInternal(RequestContextFilter.java:100) ~[spring-web-5.3.27.jar:5.3.27]
	at org.springframework.web.filter.OncePerRequestFilter.doFilter(OncePerRequestFilter.java:117) ~[spring-web-5.3.27.jar:5.3.27]
	at org.apache.catalina.core.ApplicationFilterChain.internalDoFilter(ApplicationFilterChain.java:178) ~[tomcat-embed-core-9.0.75.jar:9.0.75]
	at org.apache.catalina.core.ApplicationFilterChain.doFilter(ApplicationFilterChain.java:153) ~[tomcat-embed-core-9.0.75.jar:9.0.75]
	at org.springframework.web.filter.FormContentFilter.doFilterInternal(FormContentFilter.java:93) ~[spring-web-5.3.27.jar:5.3.27]
	at org.springframework.web.filter.OncePerRequestFilter.doFilter(OncePerRequestFilter.java:117) ~[spring-web-5.3.27.jar:5.3.27]
	at org.apache.catalina.core.ApplicationFilterChain.internalDoFilter(ApplicationFilterChain.java:178) ~[tomcat-embed-core-9.0.75.jar:9.0.75]
	at org.apache.catalina.core.ApplicationFilterChain.doFilter(ApplicationFilterChain.java:153) ~[tomcat-embed-core-9.0.75.jar:9.0.75]
	at org.springframework.web.filter.CharacterEncodingFilter.doFilterInternal(CharacterEncodingFilter.java:201) ~[spring-web-5.3.27.jar:5.3.27]
	at org.springframework.web.filter.OncePerRequestFilter.doFilter(OncePerRequestFilter.java:117) ~[spring-web-5.3.27.jar:5.3.27]
	at org.apache.catalina.core.ApplicationFilterChain.internalDoFilter(ApplicationFilterChain.java:178) ~[tomcat-embed-core-9.0.75.jar:9.0.75]
	at org.apache.catalina.core.ApplicationFilterChain.doFilter(ApplicationFilterChain.java:153) ~[tomcat-embed-core-9.0.75.jar:9.0.75]
	at org.apache.catalina.core.StandardWrapperValve.invoke(StandardWrapperValve.java:167) ~[tomcat-embed-core-9.0.75.jar:9.0.75]
	at org.apache.catalina.core.StandardContextValve.invoke(StandardContextValve.java:90) ~[tomcat-embed-core-9.0.75.jar:9.0.75]
	at org.apache.catalina.authenticator.AuthenticatorBase.invoke(AuthenticatorBase.java:481) ~[tomcat-embed-core-9.0.75.jar:9.0.75]
	at org.apache.catalina.core.StandardHostValve.invoke(StandardHostValve.java:130) ~[tomcat-embed-core-9.0.75.jar:9.0.75]
	at org.apache.catalina.valves.ErrorReportValve.invoke(ErrorReportValve.java:93) ~[tomcat-embed-core-9.0.75.jar:9.0.75]
	at org.apache.catalina.core.StandardEngineValve.invoke(StandardEngineValve.java:74) ~[tomcat-embed-core-9.0.75.jar:9.0.75]
	at org.apache.catalina.connector.CoyoteAdapter.service(CoyoteAdapter.java:343) ~[tomcat-embed-core-9.0.75.jar:9.0.75]
	at org.apache.coyote.http11.Http11Processor.service(Http11Processor.java:390) ~[tomcat-embed-core-9.0.75.jar:9.0.75]
	at org.apache.coyote.AbstractProcessorLight.process(AbstractProcessorLight.java:63) ~[tomcat-embed-core-9.0.75.jar:9.0.75]
	at org.apache.coyote.AbstractProtocol$ConnectionHandler.process(AbstractProtocol.java:926) ~[tomcat-embed-core-9.0.75.jar:9.0.75]
	at org.apache.tomcat.util.net.NioEndpoint$SocketProcessor.doRun(NioEndpoint.java:1791) ~[tomcat-embed-core-9.0.75.jar:9.0.75]
	at org.apache.tomcat.util.net.SocketProcessorBase.run(SocketProcessorBase.java:52) ~[tomcat-embed-core-9.0.75.jar:9.0.75]
	at org.apache.tomcat.util.threads.ThreadPoolExecutor.runWorker(ThreadPoolExecutor.java:1191) ~[tomcat-embed-core-9.0.75.jar:9.0.75]
	at org.apache.tomcat.util.threads.ThreadPoolExecutor$Worker.run(ThreadPoolExecutor.java:659) ~[tomcat-embed-core-9.0.75.jar:9.0.75]
	at org.apache.tomcat.util.threads.TaskThread$WrappingRunnable.run(TaskThread.java:61) ~[tomcat-embed-core-9.0.75.jar:9.0.75]
	at java.base/java.lang.Thread.run(Thread.java:840) ~[na:na]

17:10:53:796 ERROR 10104 --- [http-nio-8085-exec-3] o.a.c.c.C.[.[.[/].[dispatcherServlet]    : Servlet.service() for servlet [dispatcherServlet] in context with path [] threw exception [Request processing failed; nested exception is com.hmall.common.exception.BizIllegalException: 抱歉，目前只支持余额支付] with root cause

com.hmall.common.exception.BizIllegalException: 抱歉，目前只支持余额支付
	at com.hmall.pay.controller.PayController.applyPayOrder(PayController.java:27) ~[classes/:na]
	at java.base/jdk.internal.reflect.NativeMethodAccessorImpl.invoke0(Native Method) ~[na:na]
	at java.base/jdk.internal.reflect.NativeMethodAccessorImpl.invoke(NativeMethodAccessorImpl.java:77) ~[na:na]
	at java.base/jdk.internal.reflect.DelegatingMethodAccessorImpl.invoke(DelegatingMethodAccessorImpl.java:43) ~[na:na]
	at java.base/java.lang.reflect.Method.invoke(Method.java:569) ~[na:na]
	at org.springframework.web.method.support.InvocableHandlerMethod.doInvoke(InvocableHandlerMethod.java:205) ~[spring-web-5.3.27.jar:5.3.27]
	at org.springframework.web.method.support.InvocableHandlerMethod.invokeForRequest(InvocableHandlerMethod.java:150) ~[spring-web-5.3.27.jar:5.3.27]
	at org.springframework.web.servlet.mvc.method.annotation.ServletInvocableHandlerMethod.invokeAndHandle(ServletInvocableHandlerMethod.java:117) ~[spring-webmvc-5.3.27.jar:5.3.27]
	at org.springframework.web.servlet.mvc.method.annotation.RequestMappingHandlerAdapter.invokeHandlerMethod(RequestMappingHandlerAdapter.java:895) ~[spring-webmvc-5.3.27.jar:5.3.27]
	at org.springframework.web.servlet.mvc.method.annotation.RequestMappingHandlerAdapter.handleInternal(RequestMappingHandlerAdapter.java:808) ~[spring-webmvc-5.3.27.jar:5.3.27]
	at org.springframework.web.servlet.mvc.method.AbstractHandlerMethodAdapter.handle(AbstractHandlerMethodAdapter.java:87) ~[spring-webmvc-5.3.27.jar:5.3.27]
	at org.springframework.web.servlet.DispatcherServlet.doDispatch(DispatcherServlet.java:1072) ~[spring-webmvc-5.3.27.jar:5.3.27]
	at org.springframework.web.servlet.DispatcherServlet.doService(DispatcherServlet.java:965) ~[spring-webmvc-5.3.27.jar:5.3.27]
	at org.springframework.web.servlet.FrameworkServlet.processRequest(FrameworkServlet.java:1006) ~[spring-webmvc-5.3.27.jar:5.3.27]
	at org.springframework.web.servlet.FrameworkServlet.doPost(FrameworkServlet.java:909) ~[spring-webmvc-5.3.27.jar:5.3.27]
	at javax.servlet.http.HttpServlet.service(HttpServlet.java:555) ~[tomcat-embed-core-9.0.75.jar:4.0.FR]
	at org.springframework.web.servlet.FrameworkServlet.service(FrameworkServlet.java:883) ~[spring-webmvc-5.3.27.jar:5.3.27]
	at javax.servlet.http.HttpServlet.service(HttpServlet.java:623) ~[tomcat-embed-core-9.0.75.jar:4.0.FR]
	at org.apache.catalina.core.ApplicationFilterChain.internalDoFilter(ApplicationFilterChain.java:209) ~[tomcat-embed-core-9.0.75.jar:9.0.75]
	at org.apache.catalina.core.ApplicationFilterChain.doFilter(ApplicationFilterChain.java:153) ~[tomcat-embed-core-9.0.75.jar:9.0.75]
	at org.apache.tomcat.websocket.server.WsFilter.doFilter(WsFilter.java:51) ~[tomcat-embed-websocket-9.0.75.jar:9.0.75]
	at org.apache.catalina.core.ApplicationFilterChain.internalDoFilter(ApplicationFilterChain.java:178) ~[tomcat-embed-core-9.0.75.jar:9.0.75]
	at org.apache.catalina.core.ApplicationFilterChain.doFilter(ApplicationFilterChain.java:153) ~[tomcat-embed-core-9.0.75.jar:9.0.75]
	at org.springframework.web.filter.RequestContextFilter.doFilterInternal(RequestContextFilter.java:100) ~[spring-web-5.3.27.jar:5.3.27]
	at org.springframework.web.filter.OncePerRequestFilter.doFilter(OncePerRequestFilter.java:117) ~[spring-web-5.3.27.jar:5.3.27]
	at org.apache.catalina.core.ApplicationFilterChain.internalDoFilter(ApplicationFilterChain.java:178) ~[tomcat-embed-core-9.0.75.jar:9.0.75]
	at org.apache.catalina.core.ApplicationFilterChain.doFilter(ApplicationFilterChain.java:153) ~[tomcat-embed-core-9.0.75.jar:9.0.75]
	at org.springframework.web.filter.FormContentFilter.doFilterInternal(FormContentFilter.java:93) ~[spring-web-5.3.27.jar:5.3.27]
	at org.springframework.web.filter.OncePerRequestFilter.doFilter(OncePerRequestFilter.java:117) ~[spring-web-5.3.27.jar:5.3.27]
	at org.apache.catalina.core.ApplicationFilterChain.internalDoFilter(ApplicationFilterChain.java:178) ~[tomcat-embed-core-9.0.75.jar:9.0.75]
	at org.apache.catalina.core.ApplicationFilterChain.doFilter(ApplicationFilterChain.java:153) ~[tomcat-embed-core-9.0.75.jar:9.0.75]
	at org.springframework.web.filter.CharacterEncodingFilter.doFilterInternal(CharacterEncodingFilter.java:201) ~[spring-web-5.3.27.jar:5.3.27]
	at org.springframework.web.filter.OncePerRequestFilter.doFilter(OncePerRequestFilter.java:117) ~[spring-web-5.3.27.jar:5.3.27]
	at org.apache.catalina.core.ApplicationFilterChain.internalDoFilter(ApplicationFilterChain.java:178) ~[tomcat-embed-core-9.0.75.jar:9.0.75]
	at org.apache.catalina.core.ApplicationFilterChain.doFilter(ApplicationFilterChain.java:153) ~[tomcat-embed-core-9.0.75.jar:9.0.75]
	at org.apache.catalina.core.StandardWrapperValve.invoke(StandardWrapperValve.java:167) ~[tomcat-embed-core-9.0.75.jar:9.0.75]
	at org.apache.catalina.core.StandardContextValve.invoke(StandardContextValve.java:90) ~[tomcat-embed-core-9.0.75.jar:9.0.75]
	at org.apache.catalina.authenticator.AuthenticatorBase.invoke(AuthenticatorBase.java:481) ~[tomcat-embed-core-9.0.75.jar:9.0.75]
	at org.apache.catalina.core.StandardHostValve.invoke(StandardHostValve.java:130) ~[tomcat-embed-core-9.0.75.jar:9.0.75]
	at org.apache.catalina.valves.ErrorReportValve.invoke(ErrorReportValve.java:93) ~[tomcat-embed-core-9.0.75.jar:9.0.75]
	at org.apache.catalina.core.StandardEngineValve.invoke(StandardEngineValve.java:74) ~[tomcat-embed-core-9.0.75.jar:9.0.75]
	at org.apache.catalina.connector.CoyoteAdapter.service(CoyoteAdapter.java:343) ~[tomcat-embed-core-9.0.75.jar:9.0.75]
	at org.apache.coyote.http11.Http11Processor.service(Http11Processor.java:390) ~[tomcat-embed-core-9.0.75.jar:9.0.75]
	at org.apache.coyote.AbstractProcessorLight.process(AbstractProcessorLight.java:63) ~[tomcat-embed-core-9.0.75.jar:9.0.75]
	at org.apache.coyote.AbstractProtocol$ConnectionHandler.process(AbstractProtocol.java:926) ~[tomcat-embed-core-9.0.75.jar:9.0.75]
	at org.apache.tomcat.util.net.NioEndpoint$SocketProcessor.doRun(NioEndpoint.java:1791) ~[tomcat-embed-core-9.0.75.jar:9.0.75]
	at org.apache.tomcat.util.net.SocketProcessorBase.run(SocketProcessorBase.java:52) ~[tomcat-embed-core-9.0.75.jar:9.0.75]
	at org.apache.tomcat.util.threads.ThreadPoolExecutor.runWorker(ThreadPoolExecutor.java:1191) ~[tomcat-embed-core-9.0.75.jar:9.0.75]
	at org.apache.tomcat.util.threads.ThreadPoolExecutor$Worker.run(ThreadPoolExecutor.java:659) ~[tomcat-embed-core-9.0.75.jar:9.0.75]
	at org.apache.tomcat.util.threads.TaskThread$WrappingRunnable.run(TaskThread.java:61) ~[tomcat-embed-core-9.0.75.jar:9.0.75]
	at java.base/java.lang.Thread.run(Thread.java:840) ~[na:na]

17:10:53:955 ERROR 10104 --- [http-nio-8085-exec-4] o.a.c.c.C.[.[.[/].[dispatcherServlet]    : Servlet.service() for servlet [dispatcherServlet] in context with path [] threw exception [Request processing failed; nested exception is com.hmall.common.exception.BizIllegalException: 抱歉，目前只支持余额支付] with root cause

com.hmall.common.exception.BizIllegalException: 抱歉，目前只支持余额支付
	at com.hmall.pay.controller.PayController.applyPayOrder(PayController.java:27) ~[classes/:na]
	at java.base/jdk.internal.reflect.NativeMethodAccessorImpl.invoke0(Native Method) ~[na:na]
	at java.base/jdk.internal.reflect.NativeMethodAccessorImpl.invoke(NativeMethodAccessorImpl.java:77) ~[na:na]
	at java.base/jdk.internal.reflect.DelegatingMethodAccessorImpl.invoke(DelegatingMethodAccessorImpl.java:43) ~[na:na]
	at java.base/java.lang.reflect.Method.invoke(Method.java:569) ~[na:na]
	at org.springframework.web.method.support.InvocableHandlerMethod.doInvoke(InvocableHandlerMethod.java:205) ~[spring-web-5.3.27.jar:5.3.27]
	at org.springframework.web.method.support.InvocableHandlerMethod.invokeForRequest(InvocableHandlerMethod.java:150) ~[spring-web-5.3.27.jar:5.3.27]
	at org.springframework.web.servlet.mvc.method.annotation.ServletInvocableHandlerMethod.invokeAndHandle(ServletInvocableHandlerMethod.java:117) ~[spring-webmvc-5.3.27.jar:5.3.27]
	at org.springframework.web.servlet.mvc.method.annotation.RequestMappingHandlerAdapter.invokeHandlerMethod(RequestMappingHandlerAdapter.java:895) ~[spring-webmvc-5.3.27.jar:5.3.27]
	at org.springframework.web.servlet.mvc.method.annotation.RequestMappingHandlerAdapter.handleInternal(RequestMappingHandlerAdapter.java:808) ~[spring-webmvc-5.3.27.jar:5.3.27]
	at org.springframework.web.servlet.mvc.method.AbstractHandlerMethodAdapter.handle(AbstractHandlerMethodAdapter.java:87) ~[spring-webmvc-5.3.27.jar:5.3.27]
	at org.springframework.web.servlet.DispatcherServlet.doDispatch(DispatcherServlet.java:1072) ~[spring-webmvc-5.3.27.jar:5.3.27]
	at org.springframework.web.servlet.DispatcherServlet.doService(DispatcherServlet.java:965) ~[spring-webmvc-5.3.27.jar:5.3.27]
	at org.springframework.web.servlet.FrameworkServlet.processRequest(FrameworkServlet.java:1006) ~[spring-webmvc-5.3.27.jar:5.3.27]
	at org.springframework.web.servlet.FrameworkServlet.doPost(FrameworkServlet.java:909) ~[spring-webmvc-5.3.27.jar:5.3.27]
	at javax.servlet.http.HttpServlet.service(HttpServlet.java:555) ~[tomcat-embed-core-9.0.75.jar:4.0.FR]
	at org.springframework.web.servlet.FrameworkServlet.service(FrameworkServlet.java:883) ~[spring-webmvc-5.3.27.jar:5.3.27]
	at javax.servlet.http.HttpServlet.service(HttpServlet.java:623) ~[tomcat-embed-core-9.0.75.jar:4.0.FR]
	at org.apache.catalina.core.ApplicationFilterChain.internalDoFilter(ApplicationFilterChain.java:209) ~[tomcat-embed-core-9.0.75.jar:9.0.75]
	at org.apache.catalina.core.ApplicationFilterChain.doFilter(ApplicationFilterChain.java:153) ~[tomcat-embed-core-9.0.75.jar:9.0.75]
	at org.apache.tomcat.websocket.server.WsFilter.doFilter(WsFilter.java:51) ~[tomcat-embed-websocket-9.0.75.jar:9.0.75]
	at org.apache.catalina.core.ApplicationFilterChain.internalDoFilter(ApplicationFilterChain.java:178) ~[tomcat-embed-core-9.0.75.jar:9.0.75]
	at org.apache.catalina.core.ApplicationFilterChain.doFilter(ApplicationFilterChain.java:153) ~[tomcat-embed-core-9.0.75.jar:9.0.75]
	at org.springframework.web.filter.RequestContextFilter.doFilterInternal(RequestContextFilter.java:100) ~[spring-web-5.3.27.jar:5.3.27]
	at org.springframework.web.filter.OncePerRequestFilter.doFilter(OncePerRequestFilter.java:117) ~[spring-web-5.3.27.jar:5.3.27]
	at org.apache.catalina.core.ApplicationFilterChain.internalDoFilter(ApplicationFilterChain.java:178) ~[tomcat-embed-core-9.0.75.jar:9.0.75]
	at org.apache.catalina.core.ApplicationFilterChain.doFilter(ApplicationFilterChain.java:153) ~[tomcat-embed-core-9.0.75.jar:9.0.75]
	at org.springframework.web.filter.FormContentFilter.doFilterInternal(FormContentFilter.java:93) ~[spring-web-5.3.27.jar:5.3.27]
	at org.springframework.web.filter.OncePerRequestFilter.doFilter(OncePerRequestFilter.java:117) ~[spring-web-5.3.27.jar:5.3.27]
	at org.apache.catalina.core.ApplicationFilterChain.internalDoFilter(ApplicationFilterChain.java:178) ~[tomcat-embed-core-9.0.75.jar:9.0.75]
	at org.apache.catalina.core.ApplicationFilterChain.doFilter(ApplicationFilterChain.java:153) ~[tomcat-embed-core-9.0.75.jar:9.0.75]
	at org.springframework.web.filter.CharacterEncodingFilter.doFilterInternal(CharacterEncodingFilter.java:201) ~[spring-web-5.3.27.jar:5.3.27]
	at org.springframework.web.filter.OncePerRequestFilter.doFilter(OncePerRequestFilter.java:117) ~[spring-web-5.3.27.jar:5.3.27]
	at org.apache.catalina.core.ApplicationFilterChain.internalDoFilter(ApplicationFilterChain.java:178) ~[tomcat-embed-core-9.0.75.jar:9.0.75]
	at org.apache.catalina.core.ApplicationFilterChain.doFilter(ApplicationFilterChain.java:153) ~[tomcat-embed-core-9.0.75.jar:9.0.75]
	at org.apache.catalina.core.StandardWrapperValve.invoke(StandardWrapperValve.java:167) ~[tomcat-embed-core-9.0.75.jar:9.0.75]
	at org.apache.catalina.core.StandardContextValve.invoke(StandardContextValve.java:90) ~[tomcat-embed-core-9.0.75.jar:9.0.75]
	at org.apache.catalina.authenticator.AuthenticatorBase.invoke(AuthenticatorBase.java:481) ~[tomcat-embed-core-9.0.75.jar:9.0.75]
	at org.apache.catalina.core.StandardHostValve.invoke(StandardHostValve.java:130) ~[tomcat-embed-core-9.0.75.jar:9.0.75]
	at org.apache.catalina.valves.ErrorReportValve.invoke(ErrorReportValve.java:93) ~[tomcat-embed-core-9.0.75.jar:9.0.75]
	at org.apache.catalina.core.StandardEngineValve.invoke(StandardEngineValve.java:74) ~[tomcat-embed-core-9.0.75.jar:9.0.75]
	at org.apache.catalina.connector.CoyoteAdapter.service(CoyoteAdapter.java:343) ~[tomcat-embed-core-9.0.75.jar:9.0.75]
	at org.apache.coyote.http11.Http11Processor.service(Http11Processor.java:390) ~[tomcat-embed-core-9.0.75.jar:9.0.75]
	at org.apache.coyote.AbstractProcessorLight.process(AbstractProcessorLight.java:63) ~[tomcat-embed-core-9.0.75.jar:9.0.75]
	at org.apache.coyote.AbstractProtocol$ConnectionHandler.process(AbstractProtocol.java:926) ~[tomcat-embed-core-9.0.75.jar:9.0.75]
	at org.apache.tomcat.util.net.NioEndpoint$SocketProcessor.doRun(NioEndpoint.java:1791) ~[tomcat-embed-core-9.0.75.jar:9.0.75]
	at org.apache.tomcat.util.net.SocketProcessorBase.run(SocketProcessorBase.java:52) ~[tomcat-embed-core-9.0.75.jar:9.0.75]
	at org.apache.tomcat.util.threads.ThreadPoolExecutor.runWorker(ThreadPoolExecutor.java:1191) ~[tomcat-embed-core-9.0.75.jar:9.0.75]
	at org.apache.tomcat.util.threads.ThreadPoolExecutor$Worker.run(ThreadPoolExecutor.java:659) ~[tomcat-embed-core-9.0.75.jar:9.0.75]
	at org.apache.tomcat.util.threads.TaskThread$WrappingRunnable.run(TaskThread.java:61) ~[tomcat-embed-core-9.0.75.jar:9.0.75]
	at java.base/java.lang.Thread.run(Thread.java:840) ~[na:na]

17:10:54:113 ERROR 10104 --- [http-nio-8085-exec-7] o.a.c.c.C.[.[.[/].[dispatcherServlet]    : Servlet.service() for servlet [dispatcherServlet] in context with path [] threw exception [Request processing failed; nested exception is com.hmall.common.exception.BizIllegalException: 抱歉，目前只支持余额支付] with root cause

com.hmall.common.exception.BizIllegalException: 抱歉，目前只支持余额支付
	at com.hmall.pay.controller.PayController.applyPayOrder(PayController.java:27) ~[classes/:na]
	at java.base/jdk.internal.reflect.NativeMethodAccessorImpl.invoke0(Native Method) ~[na:na]
	at java.base/jdk.internal.reflect.NativeMethodAccessorImpl.invoke(NativeMethodAccessorImpl.java:77) ~[na:na]
	at java.base/jdk.internal.reflect.DelegatingMethodAccessorImpl.invoke(DelegatingMethodAccessorImpl.java:43) ~[na:na]
	at java.base/java.lang.reflect.Method.invoke(Method.java:569) ~[na:na]
	at org.springframework.web.method.support.InvocableHandlerMethod.doInvoke(InvocableHandlerMethod.java:205) ~[spring-web-5.3.27.jar:5.3.27]
	at org.springframework.web.method.support.InvocableHandlerMethod.invokeForRequest(InvocableHandlerMethod.java:150) ~[spring-web-5.3.27.jar:5.3.27]
	at org.springframework.web.servlet.mvc.method.annotation.ServletInvocableHandlerMethod.invokeAndHandle(ServletInvocableHandlerMethod.java:117) ~[spring-webmvc-5.3.27.jar:5.3.27]
	at org.springframework.web.servlet.mvc.method.annotation.RequestMappingHandlerAdapter.invokeHandlerMethod(RequestMappingHandlerAdapter.java:895) ~[spring-webmvc-5.3.27.jar:5.3.27]
	at org.springframework.web.servlet.mvc.method.annotation.RequestMappingHandlerAdapter.handleInternal(RequestMappingHandlerAdapter.java:808) ~[spring-webmvc-5.3.27.jar:5.3.27]
	at org.springframework.web.servlet.mvc.method.AbstractHandlerMethodAdapter.handle(AbstractHandlerMethodAdapter.java:87) ~[spring-webmvc-5.3.27.jar:5.3.27]
	at org.springframework.web.servlet.DispatcherServlet.doDispatch(DispatcherServlet.java:1072) ~[spring-webmvc-5.3.27.jar:5.3.27]
	at org.springframework.web.servlet.DispatcherServlet.doService(DispatcherServlet.java:965) ~[spring-webmvc-5.3.27.jar:5.3.27]
	at org.springframework.web.servlet.FrameworkServlet.processRequest(FrameworkServlet.java:1006) ~[spring-webmvc-5.3.27.jar:5.3.27]
	at org.springframework.web.servlet.FrameworkServlet.doPost(FrameworkServlet.java:909) ~[spring-webmvc-5.3.27.jar:5.3.27]
	at javax.servlet.http.HttpServlet.service(HttpServlet.java:555) ~[tomcat-embed-core-9.0.75.jar:4.0.FR]
	at org.springframework.web.servlet.FrameworkServlet.service(FrameworkServlet.java:883) ~[spring-webmvc-5.3.27.jar:5.3.27]
	at javax.servlet.http.HttpServlet.service(HttpServlet.java:623) ~[tomcat-embed-core-9.0.75.jar:4.0.FR]
	at org.apache.catalina.core.ApplicationFilterChain.internalDoFilter(ApplicationFilterChain.java:209) ~[tomcat-embed-core-9.0.75.jar:9.0.75]
	at org.apache.catalina.core.ApplicationFilterChain.doFilter(ApplicationFilterChain.java:153) ~[tomcat-embed-core-9.0.75.jar:9.0.75]
	at org.apache.tomcat.websocket.server.WsFilter.doFilter(WsFilter.java:51) ~[tomcat-embed-websocket-9.0.75.jar:9.0.75]
	at org.apache.catalina.core.ApplicationFilterChain.internalDoFilter(ApplicationFilterChain.java:178) ~[tomcat-embed-core-9.0.75.jar:9.0.75]
	at org.apache.catalina.core.ApplicationFilterChain.doFilter(ApplicationFilterChain.java:153) ~[tomcat-embed-core-9.0.75.jar:9.0.75]
	at org.springframework.web.filter.RequestContextFilter.doFilterInternal(RequestContextFilter.java:100) ~[spring-web-5.3.27.jar:5.3.27]
	at org.springframework.web.filter.OncePerRequestFilter.doFilter(OncePerRequestFilter.java:117) ~[spring-web-5.3.27.jar:5.3.27]
	at org.apache.catalina.core.ApplicationFilterChain.internalDoFilter(ApplicationFilterChain.java:178) ~[tomcat-embed-core-9.0.75.jar:9.0.75]
	at org.apache.catalina.core.ApplicationFilterChain.doFilter(ApplicationFilterChain.java:153) ~[tomcat-embed-core-9.0.75.jar:9.0.75]
	at org.springframework.web.filter.FormContentFilter.doFilterInternal(FormContentFilter.java:93) ~[spring-web-5.3.27.jar:5.3.27]
	at org.springframework.web.filter.OncePerRequestFilter.doFilter(OncePerRequestFilter.java:117) ~[spring-web-5.3.27.jar:5.3.27]
	at org.apache.catalina.core.ApplicationFilterChain.internalDoFilter(ApplicationFilterChain.java:178) ~[tomcat-embed-core-9.0.75.jar:9.0.75]
	at org.apache.catalina.core.ApplicationFilterChain.doFilter(ApplicationFilterChain.java:153) ~[tomcat-embed-core-9.0.75.jar:9.0.75]
	at org.springframework.web.filter.CharacterEncodingFilter.doFilterInternal(CharacterEncodingFilter.java:201) ~[spring-web-5.3.27.jar:5.3.27]
	at org.springframework.web.filter.OncePerRequestFilter.doFilter(OncePerRequestFilter.java:117) ~[spring-web-5.3.27.jar:5.3.27]
	at org.apache.catalina.core.ApplicationFilterChain.internalDoFilter(ApplicationFilterChain.java:178) ~[tomcat-embed-core-9.0.75.jar:9.0.75]
	at org.apache.catalina.core.ApplicationFilterChain.doFilter(ApplicationFilterChain.java:153) ~[tomcat-embed-core-9.0.75.jar:9.0.75]
	at org.apache.catalina.core.StandardWrapperValve.invoke(StandardWrapperValve.java:167) ~[tomcat-embed-core-9.0.75.jar:9.0.75]
	at org.apache.catalina.core.StandardContextValve.invoke(StandardContextValve.java:90) ~[tomcat-embed-core-9.0.75.jar:9.0.75]
	at org.apache.catalina.authenticator.AuthenticatorBase.invoke(AuthenticatorBase.java:481) ~[tomcat-embed-core-9.0.75.jar:9.0.75]
	at org.apache.catalina.core.StandardHostValve.invoke(StandardHostValve.java:130) ~[tomcat-embed-core-9.0.75.jar:9.0.75]
	at org.apache.catalina.valves.ErrorReportValve.invoke(ErrorReportValve.java:93) ~[tomcat-embed-core-9.0.75.jar:9.0.75]
	at org.apache.catalina.core.StandardEngineValve.invoke(StandardEngineValve.java:74) ~[tomcat-embed-core-9.0.75.jar:9.0.75]
	at org.apache.catalina.connector.CoyoteAdapter.service(CoyoteAdapter.java:343) ~[tomcat-embed-core-9.0.75.jar:9.0.75]
	at org.apache.coyote.http11.Http11Processor.service(Http11Processor.java:390) ~[tomcat-embed-core-9.0.75.jar:9.0.75]
	at org.apache.coyote.AbstractProcessorLight.process(AbstractProcessorLight.java:63) ~[tomcat-embed-core-9.0.75.jar:9.0.75]
	at org.apache.coyote.AbstractProtocol$ConnectionHandler.process(AbstractProtocol.java:926) ~[tomcat-embed-core-9.0.75.jar:9.0.75]
	at org.apache.tomcat.util.net.NioEndpoint$SocketProcessor.doRun(NioEndpoint.java:1791) ~[tomcat-embed-core-9.0.75.jar:9.0.75]
	at org.apache.tomcat.util.net.SocketProcessorBase.run(SocketProcessorBase.java:52) ~[tomcat-embed-core-9.0.75.jar:9.0.75]
	at org.apache.tomcat.util.threads.ThreadPoolExecutor.runWorker(ThreadPoolExecutor.java:1191) ~[tomcat-embed-core-9.0.75.jar:9.0.75]
	at org.apache.tomcat.util.threads.ThreadPoolExecutor$Worker.run(ThreadPoolExecutor.java:659) ~[tomcat-embed-core-9.0.75.jar:9.0.75]
	at org.apache.tomcat.util.threads.TaskThread$WrappingRunnable.run(TaskThread.java:61) ~[tomcat-embed-core-9.0.75.jar:9.0.75]
	at java.base/java.lang.Thread.run(Thread.java:840) ~[na:na]

17:10:54:269 ERROR 10104 --- [http-nio-8085-exec-6] o.a.c.c.C.[.[.[/].[dispatcherServlet]    : Servlet.service() for servlet [dispatcherServlet] in context with path [] threw exception [Request processing failed; nested exception is com.hmall.common.exception.BizIllegalException: 抱歉，目前只支持余额支付] with root cause

com.hmall.common.exception.BizIllegalException: 抱歉，目前只支持余额支付
	at com.hmall.pay.controller.PayController.applyPayOrder(PayController.java:27) ~[classes/:na]
	at java.base/jdk.internal.reflect.NativeMethodAccessorImpl.invoke0(Native Method) ~[na:na]
	at java.base/jdk.internal.reflect.NativeMethodAccessorImpl.invoke(NativeMethodAccessorImpl.java:77) ~[na:na]
	at java.base/jdk.internal.reflect.DelegatingMethodAccessorImpl.invoke(DelegatingMethodAccessorImpl.java:43) ~[na:na]
	at java.base/java.lang.reflect.Method.invoke(Method.java:569) ~[na:na]
	at org.springframework.web.method.support.InvocableHandlerMethod.doInvoke(InvocableHandlerMethod.java:205) ~[spring-web-5.3.27.jar:5.3.27]
	at org.springframework.web.method.support.InvocableHandlerMethod.invokeForRequest(InvocableHandlerMethod.java:150) ~[spring-web-5.3.27.jar:5.3.27]
	at org.springframework.web.servlet.mvc.method.annotation.ServletInvocableHandlerMethod.invokeAndHandle(ServletInvocableHandlerMethod.java:117) ~[spring-webmvc-5.3.27.jar:5.3.27]
	at org.springframework.web.servlet.mvc.method.annotation.RequestMappingHandlerAdapter.invokeHandlerMethod(RequestMappingHandlerAdapter.java:895) ~[spring-webmvc-5.3.27.jar:5.3.27]
	at org.springframework.web.servlet.mvc.method.annotation.RequestMappingHandlerAdapter.handleInternal(RequestMappingHandlerAdapter.java:808) ~[spring-webmvc-5.3.27.jar:5.3.27]
	at org.springframework.web.servlet.mvc.method.AbstractHandlerMethodAdapter.handle(AbstractHandlerMethodAdapter.java:87) ~[spring-webmvc-5.3.27.jar:5.3.27]
	at org.springframework.web.servlet.DispatcherServlet.doDispatch(DispatcherServlet.java:1072) ~[spring-webmvc-5.3.27.jar:5.3.27]
	at org.springframework.web.servlet.DispatcherServlet.doService(DispatcherServlet.java:965) ~[spring-webmvc-5.3.27.jar:5.3.27]
	at org.springframework.web.servlet.FrameworkServlet.processRequest(FrameworkServlet.java:1006) ~[spring-webmvc-5.3.27.jar:5.3.27]
	at org.springframework.web.servlet.FrameworkServlet.doPost(FrameworkServlet.java:909) ~[spring-webmvc-5.3.27.jar:5.3.27]
	at javax.servlet.http.HttpServlet.service(HttpServlet.java:555) ~[tomcat-embed-core-9.0.75.jar:4.0.FR]
	at org.springframework.web.servlet.FrameworkServlet.service(FrameworkServlet.java:883) ~[spring-webmvc-5.3.27.jar:5.3.27]
	at javax.servlet.http.HttpServlet.service(HttpServlet.java:623) ~[tomcat-embed-core-9.0.75.jar:4.0.FR]
	at org.apache.catalina.core.ApplicationFilterChain.internalDoFilter(ApplicationFilterChain.java:209) ~[tomcat-embed-core-9.0.75.jar:9.0.75]
	at org.apache.catalina.core.ApplicationFilterChain.doFilter(ApplicationFilterChain.java:153) ~[tomcat-embed-core-9.0.75.jar:9.0.75]
	at org.apache.tomcat.websocket.server.WsFilter.doFilter(WsFilter.java:51) ~[tomcat-embed-websocket-9.0.75.jar:9.0.75]
	at org.apache.catalina.core.ApplicationFilterChain.internalDoFilter(ApplicationFilterChain.java:178) ~[tomcat-embed-core-9.0.75.jar:9.0.75]
	at org.apache.catalina.core.ApplicationFilterChain.doFilter(ApplicationFilterChain.java:153) ~[tomcat-embed-core-9.0.75.jar:9.0.75]
	at org.springframework.web.filter.RequestContextFilter.doFilterInternal(RequestContextFilter.java:100) ~[spring-web-5.3.27.jar:5.3.27]
	at org.springframework.web.filter.OncePerRequestFilter.doFilter(OncePerRequestFilter.java:117) ~[spring-web-5.3.27.jar:5.3.27]
	at org.apache.catalina.core.ApplicationFilterChain.internalDoFilter(ApplicationFilterChain.java:178) ~[tomcat-embed-core-9.0.75.jar:9.0.75]
	at org.apache.catalina.core.ApplicationFilterChain.doFilter(ApplicationFilterChain.java:153) ~[tomcat-embed-core-9.0.75.jar:9.0.75]
	at org.springframework.web.filter.FormContentFilter.doFilterInternal(FormContentFilter.java:93) ~[spring-web-5.3.27.jar:5.3.27]
	at org.springframework.web.filter.OncePerRequestFilter.doFilter(OncePerRequestFilter.java:117) ~[spring-web-5.3.27.jar:5.3.27]
	at org.apache.catalina.core.ApplicationFilterChain.internalDoFilter(ApplicationFilterChain.java:178) ~[tomcat-embed-core-9.0.75.jar:9.0.75]
	at org.apache.catalina.core.ApplicationFilterChain.doFilter(ApplicationFilterChain.java:153) ~[tomcat-embed-core-9.0.75.jar:9.0.75]
	at org.springframework.web.filter.CharacterEncodingFilter.doFilterInternal(CharacterEncodingFilter.java:201) ~[spring-web-5.3.27.jar:5.3.27]
	at org.springframework.web.filter.OncePerRequestFilter.doFilter(OncePerRequestFilter.java:117) ~[spring-web-5.3.27.jar:5.3.27]
	at org.apache.catalina.core.ApplicationFilterChain.internalDoFilter(ApplicationFilterChain.java:178) ~[tomcat-embed-core-9.0.75.jar:9.0.75]
	at org.apache.catalina.core.ApplicationFilterChain.doFilter(ApplicationFilterChain.java:153) ~[tomcat-embed-core-9.0.75.jar:9.0.75]
	at org.apache.catalina.core.StandardWrapperValve.invoke(StandardWrapperValve.java:167) ~[tomcat-embed-core-9.0.75.jar:9.0.75]
	at org.apache.catalina.core.StandardContextValve.invoke(StandardContextValve.java:90) ~[tomcat-embed-core-9.0.75.jar:9.0.75]
	at org.apache.catalina.authenticator.AuthenticatorBase.invoke(AuthenticatorBase.java:481) ~[tomcat-embed-core-9.0.75.jar:9.0.75]
	at org.apache.catalina.core.StandardHostValve.invoke(StandardHostValve.java:130) ~[tomcat-embed-core-9.0.75.jar:9.0.75]
	at org.apache.catalina.valves.ErrorReportValve.invoke(ErrorReportValve.java:93) ~[tomcat-embed-core-9.0.75.jar:9.0.75]
	at org.apache.catalina.core.StandardEngineValve.invoke(StandardEngineValve.java:74) ~[tomcat-embed-core-9.0.75.jar:9.0.75]
	at org.apache.catalina.connector.CoyoteAdapter.service(CoyoteAdapter.java:343) ~[tomcat-embed-core-9.0.75.jar:9.0.75]
	at org.apache.coyote.http11.Http11Processor.service(Http11Processor.java:390) ~[tomcat-embed-core-9.0.75.jar:9.0.75]
	at org.apache.coyote.AbstractProcessorLight.process(AbstractProcessorLight.java:63) ~[tomcat-embed-core-9.0.75.jar:9.0.75]
	at org.apache.coyote.AbstractProtocol$ConnectionHandler.process(AbstractProtocol.java:926) ~[tomcat-embed-core-9.0.75.jar:9.0.75]
	at org.apache.tomcat.util.net.NioEndpoint$SocketProcessor.doRun(NioEndpoint.java:1791) ~[tomcat-embed-core-9.0.75.jar:9.0.75]
	at org.apache.tomcat.util.net.SocketProcessorBase.run(SocketProcessorBase.java:52) ~[tomcat-embed-core-9.0.75.jar:9.0.75]
	at org.apache.tomcat.util.threads.ThreadPoolExecutor.runWorker(ThreadPoolExecutor.java:1191) ~[tomcat-embed-core-9.0.75.jar:9.0.75]
	at org.apache.tomcat.util.threads.ThreadPoolExecutor$Worker.run(ThreadPoolExecutor.java:659) ~[tomcat-embed-core-9.0.75.jar:9.0.75]
	at org.apache.tomcat.util.threads.TaskThread$WrappingRunnable.run(TaskThread.java:61) ~[tomcat-embed-core-9.0.75.jar:9.0.75]
	at java.base/java.lang.Thread.run(Thread.java:840) ~[na:na]

17:10:54:420 ERROR 10104 --- [http-nio-8085-exec-5] o.a.c.c.C.[.[.[/].[dispatcherServlet]    : Servlet.service() for servlet [dispatcherServlet] in context with path [] threw exception [Request processing failed; nested exception is com.hmall.common.exception.BizIllegalException: 抱歉，目前只支持余额支付] with root cause

com.hmall.common.exception.BizIllegalException: 抱歉，目前只支持余额支付
	at com.hmall.pay.controller.PayController.applyPayOrder(PayController.java:27) ~[classes/:na]
	at java.base/jdk.internal.reflect.NativeMethodAccessorImpl.invoke0(Native Method) ~[na:na]
	at java.base/jdk.internal.reflect.NativeMethodAccessorImpl.invoke(NativeMethodAccessorImpl.java:77) ~[na:na]
	at java.base/jdk.internal.reflect.DelegatingMethodAccessorImpl.invoke(DelegatingMethodAccessorImpl.java:43) ~[na:na]
	at java.base/java.lang.reflect.Method.invoke(Method.java:569) ~[na:na]
	at org.springframework.web.method.support.InvocableHandlerMethod.doInvoke(InvocableHandlerMethod.java:205) ~[spring-web-5.3.27.jar:5.3.27]
	at org.springframework.web.method.support.InvocableHandlerMethod.invokeForRequest(InvocableHandlerMethod.java:150) ~[spring-web-5.3.27.jar:5.3.27]
	at org.springframework.web.servlet.mvc.method.annotation.ServletInvocableHandlerMethod.invokeAndHandle(ServletInvocableHandlerMethod.java:117) ~[spring-webmvc-5.3.27.jar:5.3.27]
	at org.springframework.web.servlet.mvc.method.annotation.RequestMappingHandlerAdapter.invokeHandlerMethod(RequestMappingHandlerAdapter.java:895) ~[spring-webmvc-5.3.27.jar:5.3.27]
	at org.springframework.web.servlet.mvc.method.annotation.RequestMappingHandlerAdapter.handleInternal(RequestMappingHandlerAdapter.java:808) ~[spring-webmvc-5.3.27.jar:5.3.27]
	at org.springframework.web.servlet.mvc.method.AbstractHandlerMethodAdapter.handle(AbstractHandlerMethodAdapter.java:87) ~[spring-webmvc-5.3.27.jar:5.3.27]
	at org.springframework.web.servlet.DispatcherServlet.doDispatch(DispatcherServlet.java:1072) ~[spring-webmvc-5.3.27.jar:5.3.27]
	at org.springframework.web.servlet.DispatcherServlet.doService(DispatcherServlet.java:965) ~[spring-webmvc-5.3.27.jar:5.3.27]
	at org.springframework.web.servlet.FrameworkServlet.processRequest(FrameworkServlet.java:1006) ~[spring-webmvc-5.3.27.jar:5.3.27]
	at org.springframework.web.servlet.FrameworkServlet.doPost(FrameworkServlet.java:909) ~[spring-webmvc-5.3.27.jar:5.3.27]
	at javax.servlet.http.HttpServlet.service(HttpServlet.java:555) ~[tomcat-embed-core-9.0.75.jar:4.0.FR]
	at org.springframework.web.servlet.FrameworkServlet.service(FrameworkServlet.java:883) ~[spring-webmvc-5.3.27.jar:5.3.27]
	at javax.servlet.http.HttpServlet.service(HttpServlet.java:623) ~[tomcat-embed-core-9.0.75.jar:4.0.FR]
	at org.apache.catalina.core.ApplicationFilterChain.internalDoFilter(ApplicationFilterChain.java:209) ~[tomcat-embed-core-9.0.75.jar:9.0.75]
	at org.apache.catalina.core.ApplicationFilterChain.doFilter(ApplicationFilterChain.java:153) ~[tomcat-embed-core-9.0.75.jar:9.0.75]
	at org.apache.tomcat.websocket.server.WsFilter.doFilter(WsFilter.java:51) ~[tomcat-embed-websocket-9.0.75.jar:9.0.75]
	at org.apache.catalina.core.ApplicationFilterChain.internalDoFilter(ApplicationFilterChain.java:178) ~[tomcat-embed-core-9.0.75.jar:9.0.75]
	at org.apache.catalina.core.ApplicationFilterChain.doFilter(ApplicationFilterChain.java:153) ~[tomcat-embed-core-9.0.75.jar:9.0.75]
	at org.springframework.web.filter.RequestContextFilter.doFilterInternal(RequestContextFilter.java:100) ~[spring-web-5.3.27.jar:5.3.27]
	at org.springframework.web.filter.OncePerRequestFilter.doFilter(OncePerRequestFilter.java:117) ~[spring-web-5.3.27.jar:5.3.27]
	at org.apache.catalina.core.ApplicationFilterChain.internalDoFilter(ApplicationFilterChain.java:178) ~[tomcat-embed-core-9.0.75.jar:9.0.75]
	at org.apache.catalina.core.ApplicationFilterChain.doFilter(ApplicationFilterChain.java:153) ~[tomcat-embed-core-9.0.75.jar:9.0.75]
	at org.springframework.web.filter.FormContentFilter.doFilterInternal(FormContentFilter.java:93) ~[spring-web-5.3.27.jar:5.3.27]
	at org.springframework.web.filter.OncePerRequestFilter.doFilter(OncePerRequestFilter.java:117) ~[spring-web-5.3.27.jar:5.3.27]
	at org.apache.catalina.core.ApplicationFilterChain.internalDoFilter(ApplicationFilterChain.java:178) ~[tomcat-embed-core-9.0.75.jar:9.0.75]
	at org.apache.catalina.core.ApplicationFilterChain.doFilter(ApplicationFilterChain.java:153) ~[tomcat-embed-core-9.0.75.jar:9.0.75]
	at org.springframework.web.filter.CharacterEncodingFilter.doFilterInternal(CharacterEncodingFilter.java:201) ~[spring-web-5.3.27.jar:5.3.27]
	at org.springframework.web.filter.OncePerRequestFilter.doFilter(OncePerRequestFilter.java:117) ~[spring-web-5.3.27.jar:5.3.27]
	at org.apache.catalina.core.ApplicationFilterChain.internalDoFilter(ApplicationFilterChain.java:178) ~[tomcat-embed-core-9.0.75.jar:9.0.75]
	at org.apache.catalina.core.ApplicationFilterChain.doFilter(ApplicationFilterChain.java:153) ~[tomcat-embed-core-9.0.75.jar:9.0.75]
	at org.apache.catalina.core.StandardWrapperValve.invoke(StandardWrapperValve.java:167) ~[tomcat-embed-core-9.0.75.jar:9.0.75]
	at org.apache.catalina.core.StandardContextValve.invoke(StandardContextValve.java:90) ~[tomcat-embed-core-9.0.75.jar:9.0.75]
	at org.apache.catalina.authenticator.AuthenticatorBase.invoke(AuthenticatorBase.java:481) ~[tomcat-embed-core-9.0.75.jar:9.0.75]
	at org.apache.catalina.core.StandardHostValve.invoke(StandardHostValve.java:130) ~[tomcat-embed-core-9.0.75.jar:9.0.75]
	at org.apache.catalina.valves.ErrorReportValve.invoke(ErrorReportValve.java:93) ~[tomcat-embed-core-9.0.75.jar:9.0.75]
	at org.apache.catalina.core.StandardEngineValve.invoke(StandardEngineValve.java:74) ~[tomcat-embed-core-9.0.75.jar:9.0.75]
	at org.apache.catalina.connector.CoyoteAdapter.service(CoyoteAdapter.java:343) ~[tomcat-embed-core-9.0.75.jar:9.0.75]
	at org.apache.coyote.http11.Http11Processor.service(Http11Processor.java:390) ~[tomcat-embed-core-9.0.75.jar:9.0.75]
	at org.apache.coyote.AbstractProcessorLight.process(AbstractProcessorLight.java:63) ~[tomcat-embed-core-9.0.75.jar:9.0.75]
	at org.apache.coyote.AbstractProtocol$ConnectionHandler.process(AbstractProtocol.java:926) ~[tomcat-embed-core-9.0.75.jar:9.0.75]
	at org.apache.tomcat.util.net.NioEndpoint$SocketProcessor.doRun(NioEndpoint.java:1791) ~[tomcat-embed-core-9.0.75.jar:9.0.75]
	at org.apache.tomcat.util.net.SocketProcessorBase.run(SocketProcessorBase.java:52) ~[tomcat-embed-core-9.0.75.jar:9.0.75]
	at org.apache.tomcat.util.threads.ThreadPoolExecutor.runWorker(ThreadPoolExecutor.java:1191) ~[tomcat-embed-core-9.0.75.jar:9.0.75]
	at org.apache.tomcat.util.threads.ThreadPoolExecutor$Worker.run(ThreadPoolExecutor.java:659) ~[tomcat-embed-core-9.0.75.jar:9.0.75]
	at org.apache.tomcat.util.threads.TaskThread$WrappingRunnable.run(TaskThread.java:61) ~[tomcat-embed-core-9.0.75.jar:9.0.75]
	at java.base/java.lang.Thread.run(Thread.java:840) ~[na:na]

17:10:54:576 ERROR 10104 --- [http-nio-8085-exec-8] o.a.c.c.C.[.[.[/].[dispatcherServlet]    : Servlet.service() for servlet [dispatcherServlet] in context with path [] threw exception [Request processing failed; nested exception is com.hmall.common.exception.BizIllegalException: 抱歉，目前只支持余额支付] with root cause

com.hmall.common.exception.BizIllegalException: 抱歉，目前只支持余额支付
	at com.hmall.pay.controller.PayController.applyPayOrder(PayController.java:27) ~[classes/:na]
	at java.base/jdk.internal.reflect.NativeMethodAccessorImpl.invoke0(Native Method) ~[na:na]
	at java.base/jdk.internal.reflect.NativeMethodAccessorImpl.invoke(NativeMethodAccessorImpl.java:77) ~[na:na]
	at java.base/jdk.internal.reflect.DelegatingMethodAccessorImpl.invoke(DelegatingMethodAccessorImpl.java:43) ~[na:na]
	at java.base/java.lang.reflect.Method.invoke(Method.java:569) ~[na:na]
	at org.springframework.web.method.support.InvocableHandlerMethod.doInvoke(InvocableHandlerMethod.java:205) ~[spring-web-5.3.27.jar:5.3.27]
	at org.springframework.web.method.support.InvocableHandlerMethod.invokeForRequest(InvocableHandlerMethod.java:150) ~[spring-web-5.3.27.jar:5.3.27]
	at org.springframework.web.servlet.mvc.method.annotation.ServletInvocableHandlerMethod.invokeAndHandle(ServletInvocableHandlerMethod.java:117) ~[spring-webmvc-5.3.27.jar:5.3.27]
	at org.springframework.web.servlet.mvc.method.annotation.RequestMappingHandlerAdapter.invokeHandlerMethod(RequestMappingHandlerAdapter.java:895) ~[spring-webmvc-5.3.27.jar:5.3.27]
	at org.springframework.web.servlet.mvc.method.annotation.RequestMappingHandlerAdapter.handleInternal(RequestMappingHandlerAdapter.java:808) ~[spring-webmvc-5.3.27.jar:5.3.27]
	at org.springframework.web.servlet.mvc.method.AbstractHandlerMethodAdapter.handle(AbstractHandlerMethodAdapter.java:87) ~[spring-webmvc-5.3.27.jar:5.3.27]
	at org.springframework.web.servlet.DispatcherServlet.doDispatch(DispatcherServlet.java:1072) ~[spring-webmvc-5.3.27.jar:5.3.27]
	at org.springframework.web.servlet.DispatcherServlet.doService(DispatcherServlet.java:965) ~[spring-webmvc-5.3.27.jar:5.3.27]
	at org.springframework.web.servlet.FrameworkServlet.processRequest(FrameworkServlet.java:1006) ~[spring-webmvc-5.3.27.jar:5.3.27]
	at org.springframework.web.servlet.FrameworkServlet.doPost(FrameworkServlet.java:909) ~[spring-webmvc-5.3.27.jar:5.3.27]
	at javax.servlet.http.HttpServlet.service(HttpServlet.java:555) ~[tomcat-embed-core-9.0.75.jar:4.0.FR]
	at org.springframework.web.servlet.FrameworkServlet.service(FrameworkServlet.java:883) ~[spring-webmvc-5.3.27.jar:5.3.27]
	at javax.servlet.http.HttpServlet.service(HttpServlet.java:623) ~[tomcat-embed-core-9.0.75.jar:4.0.FR]
	at org.apache.catalina.core.ApplicationFilterChain.internalDoFilter(ApplicationFilterChain.java:209) ~[tomcat-embed-core-9.0.75.jar:9.0.75]
	at org.apache.catalina.core.ApplicationFilterChain.doFilter(ApplicationFilterChain.java:153) ~[tomcat-embed-core-9.0.75.jar:9.0.75]
	at org.apache.tomcat.websocket.server.WsFilter.doFilter(WsFilter.java:51) ~[tomcat-embed-websocket-9.0.75.jar:9.0.75]
	at org.apache.catalina.core.ApplicationFilterChain.internalDoFilter(ApplicationFilterChain.java:178) ~[tomcat-embed-core-9.0.75.jar:9.0.75]
	at org.apache.catalina.core.ApplicationFilterChain.doFilter(ApplicationFilterChain.java:153) ~[tomcat-embed-core-9.0.75.jar:9.0.75]
	at org.springframework.web.filter.RequestContextFilter.doFilterInternal(RequestContextFilter.java:100) ~[spring-web-5.3.27.jar:5.3.27]
	at org.springframework.web.filter.OncePerRequestFilter.doFilter(OncePerRequestFilter.java:117) ~[spring-web-5.3.27.jar:5.3.27]
	at org.apache.catalina.core.ApplicationFilterChain.internalDoFilter(ApplicationFilterChain.java:178) ~[tomcat-embed-core-9.0.75.jar:9.0.75]
	at org.apache.catalina.core.ApplicationFilterChain.doFilter(ApplicationFilterChain.java:153) ~[tomcat-embed-core-9.0.75.jar:9.0.75]
	at org.springframework.web.filter.FormContentFilter.doFilterInternal(FormContentFilter.java:93) ~[spring-web-5.3.27.jar:5.3.27]
	at org.springframework.web.filter.OncePerRequestFilter.doFilter(OncePerRequestFilter.java:117) ~[spring-web-5.3.27.jar:5.3.27]
	at org.apache.catalina.core.ApplicationFilterChain.internalDoFilter(ApplicationFilterChain.java:178) ~[tomcat-embed-core-9.0.75.jar:9.0.75]
	at org.apache.catalina.core.ApplicationFilterChain.doFilter(ApplicationFilterChain.java:153) ~[tomcat-embed-core-9.0.75.jar:9.0.75]
	at org.springframework.web.filter.CharacterEncodingFilter.doFilterInternal(CharacterEncodingFilter.java:201) ~[spring-web-5.3.27.jar:5.3.27]
	at org.springframework.web.filter.OncePerRequestFilter.doFilter(OncePerRequestFilter.java:117) ~[spring-web-5.3.27.jar:5.3.27]
	at org.apache.catalina.core.ApplicationFilterChain.internalDoFilter(ApplicationFilterChain.java:178) ~[tomcat-embed-core-9.0.75.jar:9.0.75]
	at org.apache.catalina.core.ApplicationFilterChain.doFilter(ApplicationFilterChain.java:153) ~[tomcat-embed-core-9.0.75.jar:9.0.75]
	at org.apache.catalina.core.StandardWrapperValve.invoke(StandardWrapperValve.java:167) ~[tomcat-embed-core-9.0.75.jar:9.0.75]
	at org.apache.catalina.core.StandardContextValve.invoke(StandardContextValve.java:90) ~[tomcat-embed-core-9.0.75.jar:9.0.75]
	at org.apache.catalina.authenticator.AuthenticatorBase.invoke(AuthenticatorBase.java:481) ~[tomcat-embed-core-9.0.75.jar:9.0.75]
	at org.apache.catalina.core.StandardHostValve.invoke(StandardHostValve.java:130) ~[tomcat-embed-core-9.0.75.jar:9.0.75]
	at org.apache.catalina.valves.ErrorReportValve.invoke(ErrorReportValve.java:93) ~[tomcat-embed-core-9.0.75.jar:9.0.75]
	at org.apache.catalina.core.StandardEngineValve.invoke(StandardEngineValve.java:74) ~[tomcat-embed-core-9.0.75.jar:9.0.75]
	at org.apache.catalina.connector.CoyoteAdapter.service(CoyoteAdapter.java:343) ~[tomcat-embed-core-9.0.75.jar:9.0.75]
	at org.apache.coyote.http11.Http11Processor.service(Http11Processor.java:390) ~[tomcat-embed-core-9.0.75.jar:9.0.75]
	at org.apache.coyote.AbstractProcessorLight.process(AbstractProcessorLight.java:63) ~[tomcat-embed-core-9.0.75.jar:9.0.75]
	at org.apache.coyote.AbstractProtocol$ConnectionHandler.process(AbstractProtocol.java:926) ~[tomcat-embed-core-9.0.75.jar:9.0.75]
	at org.apache.tomcat.util.net.NioEndpoint$SocketProcessor.doRun(NioEndpoint.java:1791) ~[tomcat-embed-core-9.0.75.jar:9.0.75]
	at org.apache.tomcat.util.net.SocketProcessorBase.run(SocketProcessorBase.java:52) ~[tomcat-embed-core-9.0.75.jar:9.0.75]
	at org.apache.tomcat.util.threads.ThreadPoolExecutor.runWorker(ThreadPoolExecutor.java:1191) ~[tomcat-embed-core-9.0.75.jar:9.0.75]
	at org.apache.tomcat.util.threads.ThreadPoolExecutor$Worker.run(ThreadPoolExecutor.java:659) ~[tomcat-embed-core-9.0.75.jar:9.0.75]
	at org.apache.tomcat.util.threads.TaskThread$WrappingRunnable.run(TaskThread.java:61) ~[tomcat-embed-core-9.0.75.jar:9.0.75]
	at java.base/java.lang.Thread.run(Thread.java:840) ~[na:na]

17:10:54:748 ERROR 10104 --- [http-nio-8085-exec-9] o.a.c.c.C.[.[.[/].[dispatcherServlet]    : Servlet.service() for servlet [dispatcherServlet] in context with path [] threw exception [Request processing failed; nested exception is com.hmall.common.exception.BizIllegalException: 抱歉，目前只支持余额支付] with root cause

com.hmall.common.exception.BizIllegalException: 抱歉，目前只支持余额支付
	at com.hmall.pay.controller.PayController.applyPayOrder(PayController.java:27) ~[classes/:na]
	at java.base/jdk.internal.reflect.NativeMethodAccessorImpl.invoke0(Native Method) ~[na:na]
	at java.base/jdk.internal.reflect.NativeMethodAccessorImpl.invoke(NativeMethodAccessorImpl.java:77) ~[na:na]
	at java.base/jdk.internal.reflect.DelegatingMethodAccessorImpl.invoke(DelegatingMethodAccessorImpl.java:43) ~[na:na]
	at java.base/java.lang.reflect.Method.invoke(Method.java:569) ~[na:na]
	at org.springframework.web.method.support.InvocableHandlerMethod.doInvoke(InvocableHandlerMethod.java:205) ~[spring-web-5.3.27.jar:5.3.27]
	at org.springframework.web.method.support.InvocableHandlerMethod.invokeForRequest(InvocableHandlerMethod.java:150) ~[spring-web-5.3.27.jar:5.3.27]
	at org.springframework.web.servlet.mvc.method.annotation.ServletInvocableHandlerMethod.invokeAndHandle(ServletInvocableHandlerMethod.java:117) ~[spring-webmvc-5.3.27.jar:5.3.27]
	at org.springframework.web.servlet.mvc.method.annotation.RequestMappingHandlerAdapter.invokeHandlerMethod(RequestMappingHandlerAdapter.java:895) ~[spring-webmvc-5.3.27.jar:5.3.27]
	at org.springframework.web.servlet.mvc.method.annotation.RequestMappingHandlerAdapter.handleInternal(RequestMappingHandlerAdapter.java:808) ~[spring-webmvc-5.3.27.jar:5.3.27]
	at org.springframework.web.servlet.mvc.method.AbstractHandlerMethodAdapter.handle(AbstractHandlerMethodAdapter.java:87) ~[spring-webmvc-5.3.27.jar:5.3.27]
	at org.springframework.web.servlet.DispatcherServlet.doDispatch(DispatcherServlet.java:1072) ~[spring-webmvc-5.3.27.jar:5.3.27]
	at org.springframework.web.servlet.DispatcherServlet.doService(DispatcherServlet.java:965) ~[spring-webmvc-5.3.27.jar:5.3.27]
	at org.springframework.web.servlet.FrameworkServlet.processRequest(FrameworkServlet.java:1006) ~[spring-webmvc-5.3.27.jar:5.3.27]
	at org.springframework.web.servlet.FrameworkServlet.doPost(FrameworkServlet.java:909) ~[spring-webmvc-5.3.27.jar:5.3.27]
	at javax.servlet.http.HttpServlet.service(HttpServlet.java:555) ~[tomcat-embed-core-9.0.75.jar:4.0.FR]
	at org.springframework.web.servlet.FrameworkServlet.service(FrameworkServlet.java:883) ~[spring-webmvc-5.3.27.jar:5.3.27]
	at javax.servlet.http.HttpServlet.service(HttpServlet.java:623) ~[tomcat-embed-core-9.0.75.jar:4.0.FR]
	at org.apache.catalina.core.ApplicationFilterChain.internalDoFilter(ApplicationFilterChain.java:209) ~[tomcat-embed-core-9.0.75.jar:9.0.75]
	at org.apache.catalina.core.ApplicationFilterChain.doFilter(ApplicationFilterChain.java:153) ~[tomcat-embed-core-9.0.75.jar:9.0.75]
	at org.apache.tomcat.websocket.server.WsFilter.doFilter(WsFilter.java:51) ~[tomcat-embed-websocket-9.0.75.jar:9.0.75]
	at org.apache.catalina.core.ApplicationFilterChain.internalDoFilter(ApplicationFilterChain.java:178) ~[tomcat-embed-core-9.0.75.jar:9.0.75]
	at org.apache.catalina.core.ApplicationFilterChain.doFilter(ApplicationFilterChain.java:153) ~[tomcat-embed-core-9.0.75.jar:9.0.75]
	at org.springframework.web.filter.RequestContextFilter.doFilterInternal(RequestContextFilter.java:100) ~[spring-web-5.3.27.jar:5.3.27]
	at org.springframework.web.filter.OncePerRequestFilter.doFilter(OncePerRequestFilter.java:117) ~[spring-web-5.3.27.jar:5.3.27]
	at org.apache.catalina.core.ApplicationFilterChain.internalDoFilter(ApplicationFilterChain.java:178) ~[tomcat-embed-core-9.0.75.jar:9.0.75]
	at org.apache.catalina.core.ApplicationFilterChain.doFilter(ApplicationFilterChain.java:153) ~[tomcat-embed-core-9.0.75.jar:9.0.75]
	at org.springframework.web.filter.FormContentFilter.doFilterInternal(FormContentFilter.java:93) ~[spring-web-5.3.27.jar:5.3.27]
	at org.springframework.web.filter.OncePerRequestFilter.doFilter(OncePerRequestFilter.java:117) ~[spring-web-5.3.27.jar:5.3.27]
	at org.apache.catalina.core.ApplicationFilterChain.internalDoFilter(ApplicationFilterChain.java:178) ~[tomcat-embed-core-9.0.75.jar:9.0.75]
	at org.apache.catalina.core.ApplicationFilterChain.doFilter(ApplicationFilterChain.java:153) ~[tomcat-embed-core-9.0.75.jar:9.0.75]
	at org.springframework.web.filter.CharacterEncodingFilter.doFilterInternal(CharacterEncodingFilter.java:201) ~[spring-web-5.3.27.jar:5.3.27]
	at org.springframework.web.filter.OncePerRequestFilter.doFilter(OncePerRequestFilter.java:117) ~[spring-web-5.3.27.jar:5.3.27]
	at org.apache.catalina.core.ApplicationFilterChain.internalDoFilter(ApplicationFilterChain.java:178) ~[tomcat-embed-core-9.0.75.jar:9.0.75]
	at org.apache.catalina.core.ApplicationFilterChain.doFilter(ApplicationFilterChain.java:153) ~[tomcat-embed-core-9.0.75.jar:9.0.75]
	at org.apache.catalina.core.StandardWrapperValve.invoke(StandardWrapperValve.java:167) ~[tomcat-embed-core-9.0.75.jar:9.0.75]
	at org.apache.catalina.core.StandardContextValve.invoke(StandardContextValve.java:90) ~[tomcat-embed-core-9.0.75.jar:9.0.75]
	at org.apache.catalina.authenticator.AuthenticatorBase.invoke(AuthenticatorBase.java:481) ~[tomcat-embed-core-9.0.75.jar:9.0.75]
	at org.apache.catalina.core.StandardHostValve.invoke(StandardHostValve.java:130) ~[tomcat-embed-core-9.0.75.jar:9.0.75]
	at org.apache.catalina.valves.ErrorReportValve.invoke(ErrorReportValve.java:93) ~[tomcat-embed-core-9.0.75.jar:9.0.75]
	at org.apache.catalina.core.StandardEngineValve.invoke(StandardEngineValve.java:74) ~[tomcat-embed-core-9.0.75.jar:9.0.75]
	at org.apache.catalina.connector.CoyoteAdapter.service(CoyoteAdapter.java:343) ~[tomcat-embed-core-9.0.75.jar:9.0.75]
	at org.apache.coyote.http11.Http11Processor.service(Http11Processor.java:390) ~[tomcat-embed-core-9.0.75.jar:9.0.75]
	at org.apache.coyote.AbstractProcessorLight.process(AbstractProcessorLight.java:63) ~[tomcat-embed-core-9.0.75.jar:9.0.75]
	at org.apache.coyote.AbstractProtocol$ConnectionHandler.process(AbstractProtocol.java:926) ~[tomcat-embed-core-9.0.75.jar:9.0.75]
	at org.apache.tomcat.util.net.NioEndpoint$SocketProcessor.doRun(NioEndpoint.java:1791) ~[tomcat-embed-core-9.0.75.jar:9.0.75]
	at org.apache.tomcat.util.net.SocketProcessorBase.run(SocketProcessorBase.java:52) ~[tomcat-embed-core-9.0.75.jar:9.0.75]
	at org.apache.tomcat.util.threads.ThreadPoolExecutor.runWorker(ThreadPoolExecutor.java:1191) ~[tomcat-embed-core-9.0.75.jar:9.0.75]
	at org.apache.tomcat.util.threads.ThreadPoolExecutor$Worker.run(ThreadPoolExecutor.java:659) ~[tomcat-embed-core-9.0.75.jar:9.0.75]
	at org.apache.tomcat.util.threads.TaskThread$WrappingRunnable.run(TaskThread.java:61) ~[tomcat-embed-core-9.0.75.jar:9.0.75]
	at java.base/java.lang.Thread.run(Thread.java:840) ~[na:na]

17:11:02:079 DEBUG 10104 --- [http-nio-8085-exec-10] c.h.p.mapper.PayOrderMapper.selectById   : ==>  Preparing: SELECT id,biz_order_no,pay_order_no,biz_user_id,pay_channel_code,amount,pay_type,status,expand_json,result_code,result_msg,pay_success_time,pay_over_time,qr_code_url,create_time,update_time,creater,updater,is_delete FROM pay_order WHERE id=?
17:11:02:080 DEBUG 10104 --- [http-nio-8085-exec-10] c.h.p.mapper.PayOrderMapper.selectById   : ==> Parameters: 1659160218174607363(Long)
17:11:02:085 DEBUG 10104 --- [http-nio-8085-exec-10] c.h.p.mapper.PayOrderMapper.selectById   : <==      Total: 1
17:11:02:088 ERROR 10104 --- [http-nio-8085-exec-10] o.a.c.c.C.[.[.[/].[dispatcherServlet]    : Servlet.service() for servlet [dispatcherServlet] in context with path [] threw exception [Request processing failed; nested exception is com.hmall.common.exception.BizIllegalException: 交易已支付或关闭！] with root cause

com.hmall.common.exception.BizIllegalException: 交易已支付或关闭！
	at com.hmall.pay.service.impl.PayOrderServiceImpl.tryPayOrderByBalance(PayOrderServiceImpl.java:55) ~[classes/:na]
	at com.hmall.pay.service.impl.PayOrderServiceImpl$$FastClassBySpringCGLIB$$b2062e7f.invoke(<generated>) ~[classes/:na]
	at org.springframework.cglib.proxy.MethodProxy.invoke(MethodProxy.java:218) ~[spring-core-5.3.27.jar:5.3.27]
	at org.springframework.aop.framework.CglibAopProxy$CglibMethodInvocation.invokeJoinpoint(CglibAopProxy.java:793) ~[spring-aop-5.3.27.jar:5.3.27]
	at org.springframework.aop.framework.ReflectiveMethodInvocation.proceed(ReflectiveMethodInvocation.java:163) ~[spring-aop-5.3.27.jar:5.3.27]
	at org.springframework.aop.framework.CglibAopProxy$CglibMethodInvocation.proceed(CglibAopProxy.java:763) ~[spring-aop-5.3.27.jar:5.3.27]
	at org.springframework.transaction.interceptor.TransactionInterceptor$1.proceedWithInvocation(TransactionInterceptor.java:123) ~[spring-tx-5.3.27.jar:5.3.27]
	at org.springframework.transaction.interceptor.TransactionAspectSupport.invokeWithinTransaction(TransactionAspectSupport.java:388) ~[spring-tx-5.3.27.jar:5.3.27]
	at org.springframework.transaction.interceptor.TransactionInterceptor.invoke(TransactionInterceptor.java:119) ~[spring-tx-5.3.27.jar:5.3.27]
	at org.springframework.aop.framework.ReflectiveMethodInvocation.proceed(ReflectiveMethodInvocation.java:186) ~[spring-aop-5.3.27.jar:5.3.27]
	at org.springframework.aop.framework.CglibAopProxy$CglibMethodInvocation.proceed(CglibAopProxy.java:763) ~[spring-aop-5.3.27.jar:5.3.27]
	at org.springframework.aop.framework.CglibAopProxy$DynamicAdvisedInterceptor.intercept(CglibAopProxy.java:708) ~[spring-aop-5.3.27.jar:5.3.27]
	at com.hmall.pay.service.impl.PayOrderServiceImpl$$EnhancerBySpringCGLIB$$fc169735.tryPayOrderByBalance(<generated>) ~[classes/:na]
	at com.hmall.pay.controller.PayController.tryPayOrderByBalance(PayController.java:37) ~[classes/:na]
	at java.base/jdk.internal.reflect.NativeMethodAccessorImpl.invoke0(Native Method) ~[na:na]
	at java.base/jdk.internal.reflect.NativeMethodAccessorImpl.invoke(NativeMethodAccessorImpl.java:77) ~[na:na]
	at java.base/jdk.internal.reflect.DelegatingMethodAccessorImpl.invoke(DelegatingMethodAccessorImpl.java:43) ~[na:na]
	at java.base/java.lang.reflect.Method.invoke(Method.java:569) ~[na:na]
	at org.springframework.web.method.support.InvocableHandlerMethod.doInvoke(InvocableHandlerMethod.java:205) ~[spring-web-5.3.27.jar:5.3.27]
	at org.springframework.web.method.support.InvocableHandlerMethod.invokeForRequest(InvocableHandlerMethod.java:150) ~[spring-web-5.3.27.jar:5.3.27]
	at org.springframework.web.servlet.mvc.method.annotation.ServletInvocableHandlerMethod.invokeAndHandle(ServletInvocableHandlerMethod.java:117) ~[spring-webmvc-5.3.27.jar:5.3.27]
	at org.springframework.web.servlet.mvc.method.annotation.RequestMappingHandlerAdapter.invokeHandlerMethod(RequestMappingHandlerAdapter.java:895) ~[spring-webmvc-5.3.27.jar:5.3.27]
	at org.springframework.web.servlet.mvc.method.annotation.RequestMappingHandlerAdapter.handleInternal(RequestMappingHandlerAdapter.java:808) ~[spring-webmvc-5.3.27.jar:5.3.27]
	at org.springframework.web.servlet.mvc.method.AbstractHandlerMethodAdapter.handle(AbstractHandlerMethodAdapter.java:87) ~[spring-webmvc-5.3.27.jar:5.3.27]
	at org.springframework.web.servlet.DispatcherServlet.doDispatch(DispatcherServlet.java:1072) ~[spring-webmvc-5.3.27.jar:5.3.27]
	at org.springframework.web.servlet.DispatcherServlet.doService(DispatcherServlet.java:965) ~[spring-webmvc-5.3.27.jar:5.3.27]
	at org.springframework.web.servlet.FrameworkServlet.processRequest(FrameworkServlet.java:1006) ~[spring-webmvc-5.3.27.jar:5.3.27]
	at org.springframework.web.servlet.FrameworkServlet.doPost(FrameworkServlet.java:909) ~[spring-webmvc-5.3.27.jar:5.3.27]
	at javax.servlet.http.HttpServlet.service(HttpServlet.java:555) ~[tomcat-embed-core-9.0.75.jar:4.0.FR]
	at org.springframework.web.servlet.FrameworkServlet.service(FrameworkServlet.java:883) ~[spring-webmvc-5.3.27.jar:5.3.27]
	at javax.servlet.http.HttpServlet.service(HttpServlet.java:623) ~[tomcat-embed-core-9.0.75.jar:4.0.FR]
	at org.apache.catalina.core.ApplicationFilterChain.internalDoFilter(ApplicationFilterChain.java:209) ~[tomcat-embed-core-9.0.75.jar:9.0.75]
	at org.apache.catalina.core.ApplicationFilterChain.doFilter(ApplicationFilterChain.java:153) ~[tomcat-embed-core-9.0.75.jar:9.0.75]
	at org.apache.tomcat.websocket.server.WsFilter.doFilter(WsFilter.java:51) ~[tomcat-embed-websocket-9.0.75.jar:9.0.75]
	at org.apache.catalina.core.ApplicationFilterChain.internalDoFilter(ApplicationFilterChain.java:178) ~[tomcat-embed-core-9.0.75.jar:9.0.75]
	at org.apache.catalina.core.ApplicationFilterChain.doFilter(ApplicationFilterChain.java:153) ~[tomcat-embed-core-9.0.75.jar:9.0.75]
	at org.springframework.web.filter.RequestContextFilter.doFilterInternal(RequestContextFilter.java:100) ~[spring-web-5.3.27.jar:5.3.27]
	at org.springframework.web.filter.OncePerRequestFilter.doFilter(OncePerRequestFilter.java:117) ~[spring-web-5.3.27.jar:5.3.27]
	at org.apache.catalina.core.ApplicationFilterChain.internalDoFilter(ApplicationFilterChain.java:178) ~[tomcat-embed-core-9.0.75.jar:9.0.75]
	at org.apache.catalina.core.ApplicationFilterChain.doFilter(ApplicationFilterChain.java:153) ~[tomcat-embed-core-9.0.75.jar:9.0.75]
	at org.springframework.web.filter.FormContentFilter.doFilterInternal(FormContentFilter.java:93) ~[spring-web-5.3.27.jar:5.3.27]
	at org.springframework.web.filter.OncePerRequestFilter.doFilter(OncePerRequestFilter.java:117) ~[spring-web-5.3.27.jar:5.3.27]
	at org.apache.catalina.core.ApplicationFilterChain.internalDoFilter(ApplicationFilterChain.java:178) ~[tomcat-embed-core-9.0.75.jar:9.0.75]
	at org.apache.catalina.core.ApplicationFilterChain.doFilter(ApplicationFilterChain.java:153) ~[tomcat-embed-core-9.0.75.jar:9.0.75]
	at org.springframework.web.filter.CharacterEncodingFilter.doFilterInternal(CharacterEncodingFilter.java:201) ~[spring-web-5.3.27.jar:5.3.27]
	at org.springframework.web.filter.OncePerRequestFilter.doFilter(OncePerRequestFilter.java:117) ~[spring-web-5.3.27.jar:5.3.27]
	at org.apache.catalina.core.ApplicationFilterChain.internalDoFilter(ApplicationFilterChain.java:178) ~[tomcat-embed-core-9.0.75.jar:9.0.75]
	at org.apache.catalina.core.ApplicationFilterChain.doFilter(ApplicationFilterChain.java:153) ~[tomcat-embed-core-9.0.75.jar:9.0.75]
	at org.apache.catalina.core.StandardWrapperValve.invoke(StandardWrapperValve.java:167) ~[tomcat-embed-core-9.0.75.jar:9.0.75]
	at org.apache.catalina.core.StandardContextValve.invoke(StandardContextValve.java:90) ~[tomcat-embed-core-9.0.75.jar:9.0.75]
	at org.apache.catalina.authenticator.AuthenticatorBase.invoke(AuthenticatorBase.java:481) ~[tomcat-embed-core-9.0.75.jar:9.0.75]
	at org.apache.catalina.core.StandardHostValve.invoke(StandardHostValve.java:130) ~[tomcat-embed-core-9.0.75.jar:9.0.75]
	at org.apache.catalina.valves.ErrorReportValve.invoke(ErrorReportValve.java:93) ~[tomcat-embed-core-9.0.75.jar:9.0.75]
	at org.apache.catalina.core.StandardEngineValve.invoke(StandardEngineValve.java:74) ~[tomcat-embed-core-9.0.75.jar:9.0.75]
	at org.apache.catalina.connector.CoyoteAdapter.service(CoyoteAdapter.java:343) ~[tomcat-embed-core-9.0.75.jar:9.0.75]
	at org.apache.coyote.http11.Http11Processor.service(Http11Processor.java:390) ~[tomcat-embed-core-9.0.75.jar:9.0.75]
	at org.apache.coyote.AbstractProcessorLight.process(AbstractProcessorLight.java:63) ~[tomcat-embed-core-9.0.75.jar:9.0.75]
	at org.apache.coyote.AbstractProtocol$ConnectionHandler.process(AbstractProtocol.java:926) ~[tomcat-embed-core-9.0.75.jar:9.0.75]
	at org.apache.tomcat.util.net.NioEndpoint$SocketProcessor.doRun(NioEndpoint.java:1791) ~[tomcat-embed-core-9.0.75.jar:9.0.75]
	at org.apache.tomcat.util.net.SocketProcessorBase.run(SocketProcessorBase.java:52) ~[tomcat-embed-core-9.0.75.jar:9.0.75]
	at org.apache.tomcat.util.threads.ThreadPoolExecutor.runWorker(ThreadPoolExecutor.java:1191) ~[tomcat-embed-core-9.0.75.jar:9.0.75]
	at org.apache.tomcat.util.threads.ThreadPoolExecutor$Worker.run(ThreadPoolExecutor.java:659) ~[tomcat-embed-core-9.0.75.jar:9.0.75]
	at org.apache.tomcat.util.threads.TaskThread$WrappingRunnable.run(TaskThread.java:61) ~[tomcat-embed-core-9.0.75.jar:9.0.75]
	at java.base/java.lang.Thread.run(Thread.java:840) ~[na:na]

17:15:32:093  WARN 10104 --- [Thread-4] c.a.nacos.common.notify.NotifyCenter     : [NotifyCenter] Start destroying Publisher
17:15:32:093  WARN 10104 --- [Thread-7] c.a.n.common.http.HttpClientBeanHolder   : [HttpClientBeanHolder] Start destroying common HttpClient
17:15:32:097  WARN 10104 --- [Thread-4] c.a.nacos.common.notify.NotifyCenter     : [NotifyCenter] Destruction of the end
17:15:32:101  WARN 10104 --- [Thread-7] c.a.n.common.http.HttpClientBeanHolder   : [HttpClientBeanHolder] Destruction of the end
17:15:32:179  INFO 10104 --- [SpringApplicationShutdownHook] c.a.c.n.registry.NacosServiceRegistry    : De-registering from Nacos Server now...
17:15:32:184  INFO 10104 --- [SpringApplicationShutdownHook] c.a.c.n.registry.NacosServiceRegistry    : De-registration finished.
17:15:32:515  INFO 10104 --- [SpringApplicationShutdownHook] com.alibaba.nacos.common.remote.client   : Shutdown rpc client, set status to shutdown
17:15:32:515  INFO 10104 --- [SpringApplicationShutdownHook] com.alibaba.nacos.common.remote.client   : Shutdown client event executor java.util.concurrent.ScheduledThreadPoolExecutor@78962cac[Running, pool size = 2, active threads = 2, queued tasks = 0, completed tasks = 0]
17:15:32:516  INFO 10104 --- [SpringApplicationShutdownHook] com.alibaba.nacos.common.remote.client   : Close current connection 1779697089929_192.168.12.1_5763
17:15:32:518  INFO 10104 --- [nacos-grpc-client-executor-713] c.a.n.c.remote.client.grpc.GrpcClient    : [1779697089929_192.168.12.1_5763]Ignore complete event,isRunning:false,isAbandon=false
17:15:32:527  INFO 10104 --- [SpringApplicationShutdownHook] c.a.n.c.remote.client.grpc.GrpcClient    : Shutdown grpc executor java.util.concurrent.ThreadPoolExecutor@5d144cd8[Running, pool size = 5, active threads = 0, queued tasks = 0, completed tasks = 714]
17:15:32:532  INFO 10104 --- [SpringApplicationShutdownHook] com.zaxxer.hikari.HikariDataSource       : HikariPool-1 - Shutdown initiated...
17:15:32:550  INFO 10104 --- [SpringApplicationShutdownHook] com.zaxxer.hikari.HikariDataSource       : HikariPool-1 - Shutdown completed.
17:15:39:041  INFO 10516 --- [main] com.hmall.pay.PayApplication             : Starting PayApplication using Java 17.0.18 on LAPTOP-TAHSHQGJ with PID 10516 (D:\shuangti\woekspace147\microService147\hmall\pay-service\target\classes started by guorenhao in D:\shuangti\woekspace147\microService147)
17:15:39:046 DEBUG 10516 --- [main] com.hmall.pay.PayApplication             : Running with Spring Boot v2.7.12, Spring v5.3.27
17:15:39:047  INFO 10516 --- [main] com.hmall.pay.PayApplication             : The following 1 profile is active: "dev"
17:15:40:522  INFO 10516 --- [main] o.s.cloud.context.scope.GenericScope     : BeanFactory id=a2fb5caa-c240-3302-b863-81079c3383fb
17:15:41:159  INFO 10516 --- [main] o.s.b.w.embedded.tomcat.TomcatWebServer  : Tomcat initialized with port(s): 8085 (http)
17:15:41:172  INFO 10516 --- [main] o.apache.catalina.core.StandardService   : Starting service [Tomcat]
17:15:41:173  INFO 10516 --- [main] org.apache.catalina.core.StandardEngine  : Starting Servlet engine: [Apache Tomcat/9.0.75]
17:15:41:405  INFO 10516 --- [main] o.a.c.c.C.[Tomcat].[localhost].[/]       : Initializing Spring embedded WebApplicationContext
17:15:41:406  INFO 10516 --- [main] w.s.c.ServletWebServerApplicationContext : Root WebApplicationContext: initialization completed in 2269 ms
17:15:41:668  INFO 10516 --- [main] o.s.c.openfeign.FeignClientFactoryBean   : For 'user-service' URL not provided. Will try picking an instance via load-balancing.
17:15:41:729  INFO 10516 --- [main] o.s.c.openfeign.FeignClientFactoryBean   : For 'trade-service' URL not provided. Will try picking an instance via load-balancing.
17:15:42:913  INFO 10516 --- [main] pertySourcedRequestMappingHandlerMapping : Mapped URL path [/v2/api-docs] onto method [springfox.documentation.swagger2.web.Swagger2ControllerWebMvc#getDocumentation(String, HttpServletRequest)]
17:15:43:540  INFO 10516 --- [main] com.alibaba.nacos.common.remote.client   : [RpcClientFactory] create a new rpc client of 56a10ae2-8e44-4ef3-8a3e-44dcde4206b3
17:15:43:643  INFO 10516 --- [main] org.reflections.Reflections              : Reflections took 54 ms to scan 1 urls, producing 3 keys and 6 values 
17:15:43:680  INFO 10516 --- [main] org.reflections.Reflections              : Reflections took 11 ms to scan 1 urls, producing 4 keys and 9 values 
17:15:43:693  INFO 10516 --- [main] org.reflections.Reflections              : Reflections took 6 ms to scan 1 urls, producing 3 keys and 10 values 
17:15:43:696  WARN 10516 --- [main] org.reflections.Reflections              : given scan urls are empty. set urls in the configuration
17:15:43:704  INFO 10516 --- [main] org.reflections.Reflections              : Reflections took 6 ms to scan 1 urls, producing 1 keys and 5 values 
17:15:43:714  INFO 10516 --- [main] org.reflections.Reflections              : Reflections took 7 ms to scan 1 urls, producing 1 keys and 7 values 
17:15:43:727  INFO 10516 --- [main] org.reflections.Reflections              : Reflections took 9 ms to scan 1 urls, producing 2 keys and 8 values 
17:15:43:730  WARN 10516 --- [main] org.reflections.Reflections              : given scan urls are empty. set urls in the configuration
17:15:43:732  INFO 10516 --- [main] com.alibaba.nacos.common.remote.client   : [56a10ae2-8e44-4ef3-8a3e-44dcde4206b3] RpcClient init label, labels = {module=naming, source=sdk}
17:15:43:735  INFO 10516 --- [main] com.alibaba.nacos.common.remote.client   : [56a10ae2-8e44-4ef3-8a3e-44dcde4206b3] RpcClient init, ServerListFactory = com.alibaba.nacos.client.naming.core.ServerListManager
17:15:43:735  INFO 10516 --- [main] com.alibaba.nacos.common.remote.client   : [56a10ae2-8e44-4ef3-8a3e-44dcde4206b3] Registry connection listener to current client:com.alibaba.nacos.client.naming.remote.gprc.redo.NamingGrpcRedoService
17:15:43:736  INFO 10516 --- [main] com.alibaba.nacos.common.remote.client   : [56a10ae2-8e44-4ef3-8a3e-44dcde4206b3] Register server push request handler:com.alibaba.nacos.client.naming.remote.gprc.NamingPushRequestHandler
17:15:43:738  INFO 10516 --- [main] com.alibaba.nacos.common.remote.client   : [56a10ae2-8e44-4ef3-8a3e-44dcde4206b3] Try to connect to server on start up, server: {serverIp = '192.168.12.6', server main port = 8848}
17:15:45:268  INFO 10516 --- [main] com.alibaba.nacos.common.remote.client   : [56a10ae2-8e44-4ef3-8a3e-44dcde4206b3] Success to connect to server [192.168.12.6:8848] on start up, connectionId = 1779700541910_192.168.12.1_8996
17:15:45:269  INFO 10516 --- [com.alibaba.nacos.client.remote.worker] com.alibaba.nacos.common.remote.client   : [56a10ae2-8e44-4ef3-8a3e-44dcde4206b3] Notify connected event to listeners.
17:15:45:270  INFO 10516 --- [main] com.alibaba.nacos.common.remote.client   : [56a10ae2-8e44-4ef3-8a3e-44dcde4206b3] Register server push request handler:com.alibaba.nacos.common.remote.client.RpcClient$ConnectResetRequestHandler
17:15:45:270  INFO 10516 --- [main] com.alibaba.nacos.common.remote.client   : [56a10ae2-8e44-4ef3-8a3e-44dcde4206b3] Register server push request handler:com.alibaba.nacos.common.remote.client.RpcClient$$Lambda$994/0x000000001c7ca4c8
17:15:45:332  INFO 10516 --- [main] o.s.b.w.embedded.tomcat.TomcatWebServer  : Tomcat started on port(s): 8085 (http) with context path ''
17:15:45:342  INFO 10516 --- [main] c.a.c.n.registry.NacosServiceRegistry    : nacos registry, DEFAULT_GROUP pay-service 10.40.16.98:8085 register finished
17:15:45:585  INFO 10516 --- [main] d.s.w.p.DocumentationPluginsBootstrapper : Documentation plugins bootstrapped
17:15:45:589  INFO 10516 --- [main] d.s.w.p.DocumentationPluginsBootstrapper : Found 1 custom documentation plugin(s)
17:15:45:615  INFO 10516 --- [main] s.d.s.w.s.ApiListingReferenceScanner     : Scanning for api listing references
17:15:45:708  INFO 10516 --- [main] com.hmall.pay.PayApplication             : Started PayApplication in 7.816 seconds (JVM running for 8.965)
17:15:45:818  INFO 10516 --- [nacos-grpc-client-executor-9] com.alibaba.nacos.common.remote.client   : [56a10ae2-8e44-4ef3-8a3e-44dcde4206b3] Receive server push request, request = NotifySubscriberRequest, requestId = 7
17:15:45:821  INFO 10516 --- [nacos-grpc-client-executor-9] com.alibaba.nacos.common.remote.client   : [56a10ae2-8e44-4ef3-8a3e-44dcde4206b3] Ack server push request, request = NotifySubscriberRequest, requestId = 7
17:15:49:738  INFO 10516 --- [http-nio-8085-exec-1] o.a.c.c.C.[Tomcat].[localhost].[/]       : Initializing Spring DispatcherServlet 'dispatcherServlet'
17:15:49:738  INFO 10516 --- [http-nio-8085-exec-1] o.s.web.servlet.DispatcherServlet        : Initializing Servlet 'dispatcherServlet'
17:15:49:740  INFO 10516 --- [http-nio-8085-exec-1] o.s.web.servlet.DispatcherServlet        : Completed initialization in 1 ms
17:15:56:626 ERROR 10516 --- [http-nio-8085-exec-4] o.a.c.c.C.[.[.[/].[dispatcherServlet]    : Servlet.service() for servlet [dispatcherServlet] in context with path [] threw exception [Request processing failed; nested exception is com.hmall.common.exception.BizIllegalException: 抱歉，目前只支持余额支付] with root cause

com.hmall.common.exception.BizIllegalException: 抱歉，目前只支持余额支付
	at com.hmall.pay.controller.PayController.applyPayOrder(PayController.java:27) ~[classes/:na]
	at java.base/jdk.internal.reflect.NativeMethodAccessorImpl.invoke0(Native Method) ~[na:na]
	at java.base/jdk.internal.reflect.NativeMethodAccessorImpl.invoke(NativeMethodAccessorImpl.java:77) ~[na:na]
	at java.base/jdk.internal.reflect.DelegatingMethodAccessorImpl.invoke(DelegatingMethodAccessorImpl.java:43) ~[na:na]
	at java.base/java.lang.reflect.Method.invoke(Method.java:569) ~[na:na]
	at org.springframework.web.method.support.InvocableHandlerMethod.doInvoke(InvocableHandlerMethod.java:205) ~[spring-web-5.3.27.jar:5.3.27]
	at org.springframework.web.method.support.InvocableHandlerMethod.invokeForRequest(InvocableHandlerMethod.java:150) ~[spring-web-5.3.27.jar:5.3.27]
	at org.springframework.web.servlet.mvc.method.annotation.ServletInvocableHandlerMethod.invokeAndHandle(ServletInvocableHandlerMethod.java:117) ~[spring-webmvc-5.3.27.jar:5.3.27]
	at org.springframework.web.servlet.mvc.method.annotation.RequestMappingHandlerAdapter.invokeHandlerMethod(RequestMappingHandlerAdapter.java:895) ~[spring-webmvc-5.3.27.jar:5.3.27]
	at org.springframework.web.servlet.mvc.method.annotation.RequestMappingHandlerAdapter.handleInternal(RequestMappingHandlerAdapter.java:808) ~[spring-webmvc-5.3.27.jar:5.3.27]
	at org.springframework.web.servlet.mvc.method.AbstractHandlerMethodAdapter.handle(AbstractHandlerMethodAdapter.java:87) ~[spring-webmvc-5.3.27.jar:5.3.27]
	at org.springframework.web.servlet.DispatcherServlet.doDispatch(DispatcherServlet.java:1072) ~[spring-webmvc-5.3.27.jar:5.3.27]
	at org.springframework.web.servlet.DispatcherServlet.doService(DispatcherServlet.java:965) ~[spring-webmvc-5.3.27.jar:5.3.27]
	at org.springframework.web.servlet.FrameworkServlet.processRequest(FrameworkServlet.java:1006) ~[spring-webmvc-5.3.27.jar:5.3.27]
	at org.springframework.web.servlet.FrameworkServlet.doPost(FrameworkServlet.java:909) ~[spring-webmvc-5.3.27.jar:5.3.27]
	at javax.servlet.http.HttpServlet.service(HttpServlet.java:555) ~[tomcat-embed-core-9.0.75.jar:4.0.FR]
	at org.springframework.web.servlet.FrameworkServlet.service(FrameworkServlet.java:883) ~[spring-webmvc-5.3.27.jar:5.3.27]
	at javax.servlet.http.HttpServlet.service(HttpServlet.java:623) ~[tomcat-embed-core-9.0.75.jar:4.0.FR]
	at org.apache.catalina.core.ApplicationFilterChain.internalDoFilter(ApplicationFilterChain.java:209) ~[tomcat-embed-core-9.0.75.jar:9.0.75]
	at org.apache.catalina.core.ApplicationFilterChain.doFilter(ApplicationFilterChain.java:153) ~[tomcat-embed-core-9.0.75.jar:9.0.75]
	at org.apache.tomcat.websocket.server.WsFilter.doFilter(WsFilter.java:51) ~[tomcat-embed-websocket-9.0.75.jar:9.0.75]
	at org.apache.catalina.core.ApplicationFilterChain.internalDoFilter(ApplicationFilterChain.java:178) ~[tomcat-embed-core-9.0.75.jar:9.0.75]
	at org.apache.catalina.core.ApplicationFilterChain.doFilter(ApplicationFilterChain.java:153) ~[tomcat-embed-core-9.0.75.jar:9.0.75]
	at org.springframework.web.filter.RequestContextFilter.doFilterInternal(RequestContextFilter.java:100) ~[spring-web-5.3.27.jar:5.3.27]
	at org.springframework.web.filter.OncePerRequestFilter.doFilter(OncePerRequestFilter.java:117) ~[spring-web-5.3.27.jar:5.3.27]
	at org.apache.catalina.core.ApplicationFilterChain.internalDoFilter(ApplicationFilterChain.java:178) ~[tomcat-embed-core-9.0.75.jar:9.0.75]
	at org.apache.catalina.core.ApplicationFilterChain.doFilter(ApplicationFilterChain.java:153) ~[tomcat-embed-core-9.0.75.jar:9.0.75]
	at org.springframework.web.filter.FormContentFilter.doFilterInternal(FormContentFilter.java:93) ~[spring-web-5.3.27.jar:5.3.27]
	at org.springframework.web.filter.OncePerRequestFilter.doFilter(OncePerRequestFilter.java:117) ~[spring-web-5.3.27.jar:5.3.27]
	at org.apache.catalina.core.ApplicationFilterChain.internalDoFilter(ApplicationFilterChain.java:178) ~[tomcat-embed-core-9.0.75.jar:9.0.75]
	at org.apache.catalina.core.ApplicationFilterChain.doFilter(ApplicationFilterChain.java:153) ~[tomcat-embed-core-9.0.75.jar:9.0.75]
	at org.springframework.web.filter.CharacterEncodingFilter.doFilterInternal(CharacterEncodingFilter.java:201) ~[spring-web-5.3.27.jar:5.3.27]
	at org.springframework.web.filter.OncePerRequestFilter.doFilter(OncePerRequestFilter.java:117) ~[spring-web-5.3.27.jar:5.3.27]
	at org.apache.catalina.core.ApplicationFilterChain.internalDoFilter(ApplicationFilterChain.java:178) ~[tomcat-embed-core-9.0.75.jar:9.0.75]
	at org.apache.catalina.core.ApplicationFilterChain.doFilter(ApplicationFilterChain.java:153) ~[tomcat-embed-core-9.0.75.jar:9.0.75]
	at org.apache.catalina.core.StandardWrapperValve.invoke(StandardWrapperValve.java:167) ~[tomcat-embed-core-9.0.75.jar:9.0.75]
	at org.apache.catalina.core.StandardContextValve.invoke(StandardContextValve.java:90) ~[tomcat-embed-core-9.0.75.jar:9.0.75]
	at org.apache.catalina.authenticator.AuthenticatorBase.invoke(AuthenticatorBase.java:481) ~[tomcat-embed-core-9.0.75.jar:9.0.75]
	at org.apache.catalina.core.StandardHostValve.invoke(StandardHostValve.java:130) ~[tomcat-embed-core-9.0.75.jar:9.0.75]
	at org.apache.catalina.valves.ErrorReportValve.invoke(ErrorReportValve.java:93) ~[tomcat-embed-core-9.0.75.jar:9.0.75]
	at org.apache.catalina.core.StandardEngineValve.invoke(StandardEngineValve.java:74) ~[tomcat-embed-core-9.0.75.jar:9.0.75]
	at org.apache.catalina.connector.CoyoteAdapter.service(CoyoteAdapter.java:343) ~[tomcat-embed-core-9.0.75.jar:9.0.75]
	at org.apache.coyote.http11.Http11Processor.service(Http11Processor.java:390) ~[tomcat-embed-core-9.0.75.jar:9.0.75]
	at org.apache.coyote.AbstractProcessorLight.process(AbstractProcessorLight.java:63) ~[tomcat-embed-core-9.0.75.jar:9.0.75]
	at org.apache.coyote.AbstractProtocol$ConnectionHandler.process(AbstractProtocol.java:926) ~[tomcat-embed-core-9.0.75.jar:9.0.75]
	at org.apache.tomcat.util.net.NioEndpoint$SocketProcessor.doRun(NioEndpoint.java:1791) ~[tomcat-embed-core-9.0.75.jar:9.0.75]
	at org.apache.tomcat.util.net.SocketProcessorBase.run(SocketProcessorBase.java:52) ~[tomcat-embed-core-9.0.75.jar:9.0.75]
	at org.apache.tomcat.util.threads.ThreadPoolExecutor.runWorker(ThreadPoolExecutor.java:1191) ~[tomcat-embed-core-9.0.75.jar:9.0.75]
	at org.apache.tomcat.util.threads.ThreadPoolExecutor$Worker.run(ThreadPoolExecutor.java:659) ~[tomcat-embed-core-9.0.75.jar:9.0.75]
	at org.apache.tomcat.util.threads.TaskThread$WrappingRunnable.run(TaskThread.java:61) ~[tomcat-embed-core-9.0.75.jar:9.0.75]
	at java.base/java.lang.Thread.run(Thread.java:840) ~[na:na]

17:18:47:246  WARN 10516 --- [Thread-7] c.a.n.common.http.HttpClientBeanHolder   : [HttpClientBeanHolder] Start destroying common HttpClient
17:18:47:245  WARN 10516 --- [Thread-4] c.a.nacos.common.notify.NotifyCenter     : [NotifyCenter] Start destroying Publisher
17:18:47:246  WARN 10516 --- [Thread-4] c.a.nacos.common.notify.NotifyCenter     : [NotifyCenter] Destruction of the end
17:18:47:247  WARN 10516 --- [Thread-7] c.a.n.common.http.HttpClientBeanHolder   : [HttpClientBeanHolder] Destruction of the end
17:18:47:282  INFO 10516 --- [SpringApplicationShutdownHook] c.a.c.n.registry.NacosServiceRegistry    : De-registering from Nacos Server now...
17:18:47:288  INFO 10516 --- [SpringApplicationShutdownHook] c.a.c.n.registry.NacosServiceRegistry    : De-registration finished.
17:18:47:621  INFO 10516 --- [SpringApplicationShutdownHook] com.alibaba.nacos.common.remote.client   : Shutdown rpc client, set status to shutdown
17:18:47:621  INFO 10516 --- [SpringApplicationShutdownHook] com.alibaba.nacos.common.remote.client   : Shutdown client event executor java.util.concurrent.ScheduledThreadPoolExecutor@5e721981[Running, pool size = 2, active threads = 2, queued tasks = 0, completed tasks = 0]
17:18:47:621  INFO 10516 --- [SpringApplicationShutdownHook] com.alibaba.nacos.common.remote.client   : Close current connection 1779700541910_192.168.12.1_8996
17:18:47:622  INFO 10516 --- [nacos-grpc-client-executor-53] c.a.n.c.remote.client.grpc.GrpcClient    : [1779700541910_192.168.12.1_8996]Ignore complete event,isRunning:false,isAbandon=false
17:18:47:627  INFO 10516 --- [SpringApplicationShutdownHook] c.a.n.c.remote.client.grpc.GrpcClient    : Shutdown grpc executor java.util.concurrent.ThreadPoolExecutor@70490b21[Running, pool size = 8, active threads = 0, queued tasks = 0, completed tasks = 54]
17:18:54:311  INFO 7524 --- [main] com.hmall.pay.PayApplication             : Starting PayApplication using Java 17.0.18 on LAPTOP-TAHSHQGJ with PID 7524 (D:\shuangti\woekspace147\microService147\hmall\pay-service\target\classes started by guorenhao in D:\shuangti\woekspace147\microService147)
17:18:54:316 DEBUG 7524 --- [main] com.hmall.pay.PayApplication             : Running with Spring Boot v2.7.12, Spring v5.3.27
17:18:54:317  INFO 7524 --- [main] com.hmall.pay.PayApplication             : The following 1 profile is active: "dev"
17:18:55:878  INFO 7524 --- [main] o.s.cloud.context.scope.GenericScope     : BeanFactory id=a2fb5caa-c240-3302-b863-81079c3383fb
17:18:56:528  INFO 7524 --- [main] o.s.b.w.embedded.tomcat.TomcatWebServer  : Tomcat initialized with port(s): 8085 (http)
17:18:56:544  INFO 7524 --- [main] o.apache.catalina.core.StandardService   : Starting service [Tomcat]
17:18:56:544  INFO 7524 --- [main] org.apache.catalina.core.StandardEngine  : Starting Servlet engine: [Apache Tomcat/9.0.75]
17:18:56:792  INFO 7524 --- [main] o.a.c.c.C.[Tomcat].[localhost].[/]       : Initializing Spring embedded WebApplicationContext
17:18:56:792  INFO 7524 --- [main] w.s.c.ServletWebServerApplicationContext : Root WebApplicationContext: initialization completed in 2397 ms
17:18:57:064  INFO 7524 --- [main] o.s.c.openfeign.FeignClientFactoryBean   : For 'user-service' URL not provided. Will try picking an instance via load-balancing.
17:18:57:129  INFO 7524 --- [main] o.s.c.openfeign.FeignClientFactoryBean   : For 'trade-service' URL not provided. Will try picking an instance via load-balancing.
17:18:58:346  INFO 7524 --- [main] pertySourcedRequestMappingHandlerMapping : Mapped URL path [/v2/api-docs] onto method [springfox.documentation.swagger2.web.Swagger2ControllerWebMvc#getDocumentation(String, HttpServletRequest)]
17:18:59:013  INFO 7524 --- [main] com.alibaba.nacos.common.remote.client   : [RpcClientFactory] create a new rpc client of 802f32a7-5b90-421a-b67c-67860096f8bd
17:18:59:108  INFO 7524 --- [main] org.reflections.Reflections              : Reflections took 41 ms to scan 1 urls, producing 3 keys and 6 values 
17:18:59:146  INFO 7524 --- [main] org.reflections.Reflections              : Reflections took 11 ms to scan 1 urls, producing 4 keys and 9 values 
17:18:59:158  INFO 7524 --- [main] org.reflections.Reflections              : Reflections took 8 ms to scan 1 urls, producing 3 keys and 10 values 
17:18:59:161  WARN 7524 --- [main] org.reflections.Reflections              : given scan urls are empty. set urls in the configuration
17:18:59:169  INFO 7524 --- [main] org.reflections.Reflections              : Reflections took 7 ms to scan 1 urls, producing 1 keys and 5 values 
17:18:59:179  INFO 7524 --- [main] org.reflections.Reflections              : Reflections took 6 ms to scan 1 urls, producing 1 keys and 7 values 
17:18:59:191  INFO 7524 --- [main] org.reflections.Reflections              : Reflections took 9 ms to scan 1 urls, producing 2 keys and 8 values 
17:18:59:195  WARN 7524 --- [main] org.reflections.Reflections              : given scan urls are empty. set urls in the configuration
17:18:59:196  INFO 7524 --- [main] com.alibaba.nacos.common.remote.client   : [802f32a7-5b90-421a-b67c-67860096f8bd] RpcClient init label, labels = {module=naming, source=sdk}
17:18:59:198  INFO 7524 --- [main] com.alibaba.nacos.common.remote.client   : [802f32a7-5b90-421a-b67c-67860096f8bd] RpcClient init, ServerListFactory = com.alibaba.nacos.client.naming.core.ServerListManager
17:18:59:198  INFO 7524 --- [main] com.alibaba.nacos.common.remote.client   : [802f32a7-5b90-421a-b67c-67860096f8bd] Registry connection listener to current client:com.alibaba.nacos.client.naming.remote.gprc.redo.NamingGrpcRedoService
17:18:59:200  INFO 7524 --- [main] com.alibaba.nacos.common.remote.client   : [802f32a7-5b90-421a-b67c-67860096f8bd] Register server push request handler:com.alibaba.nacos.client.naming.remote.gprc.NamingPushRequestHandler
17:18:59:202  INFO 7524 --- [main] com.alibaba.nacos.common.remote.client   : [802f32a7-5b90-421a-b67c-67860096f8bd] Try to connect to server on start up, server: {serverIp = '192.168.12.6', server main port = 8848}
17:19:00:643  INFO 7524 --- [main] com.alibaba.nacos.common.remote.client   : [802f32a7-5b90-421a-b67c-67860096f8bd] Success to connect to server [192.168.12.6:8848] on start up, connectionId = 1779700737261_192.168.12.1_4761
17:19:00:644  INFO 7524 --- [com.alibaba.nacos.client.remote.worker] com.alibaba.nacos.common.remote.client   : [802f32a7-5b90-421a-b67c-67860096f8bd] Notify connected event to listeners.
17:19:00:645  INFO 7524 --- [main] com.alibaba.nacos.common.remote.client   : [802f32a7-5b90-421a-b67c-67860096f8bd] Register server push request handler:com.alibaba.nacos.common.remote.client.RpcClient$ConnectResetRequestHandler
17:19:00:645  INFO 7524 --- [main] com.alibaba.nacos.common.remote.client   : [802f32a7-5b90-421a-b67c-67860096f8bd] Register server push request handler:com.alibaba.nacos.common.remote.client.RpcClient$$Lambda$994/0x000000001c7ca4c8
17:19:00:714  INFO 7524 --- [main] o.s.b.w.embedded.tomcat.TomcatWebServer  : Tomcat started on port(s): 8085 (http) with context path ''
17:19:00:723  INFO 7524 --- [main] c.a.c.n.registry.NacosServiceRegistry    : nacos registry, DEFAULT_GROUP pay-service 10.40.16.98:8085 register finished
17:19:00:990  INFO 7524 --- [main] d.s.w.p.DocumentationPluginsBootstrapper : Documentation plugins bootstrapped
17:19:00:993  INFO 7524 --- [main] d.s.w.p.DocumentationPluginsBootstrapper : Found 1 custom documentation plugin(s)
17:19:01:023  INFO 7524 --- [main] s.d.s.w.s.ApiListingReferenceScanner     : Scanning for api listing references
17:19:01:121  INFO 7524 --- [main] com.hmall.pay.PayApplication             : Started PayApplication in 8.123 seconds (JVM running for 9.201)
17:19:01:259  INFO 7524 --- [nacos-grpc-client-executor-9] com.alibaba.nacos.common.remote.client   : [802f32a7-5b90-421a-b67c-67860096f8bd] Receive server push request, request = NotifySubscriberRequest, requestId = 8
17:19:01:262  INFO 7524 --- [nacos-grpc-client-executor-9] com.alibaba.nacos.common.remote.client   : [802f32a7-5b90-421a-b67c-67860096f8bd] Ack server push request, request = NotifySubscriberRequest, requestId = 8
17:25:10:057  INFO 7524 --- [http-nio-8085-exec-1] o.a.c.c.C.[Tomcat].[localhost].[/]       : Initializing Spring DispatcherServlet 'dispatcherServlet'
17:25:10:058  INFO 7524 --- [http-nio-8085-exec-1] o.s.web.servlet.DispatcherServlet        : Initializing Servlet 'dispatcherServlet'
17:25:10:058  INFO 7524 --- [http-nio-8085-exec-1] o.s.web.servlet.DispatcherServlet        : Completed initialization in 0 ms
17:25:10:218  WARN 7524 --- [http-nio-8085-exec-1] c.b.m.c.t.support.ReflectLambdaMeta      : Unable to make field private final java.lang.Class java.lang.invoke.SerializedLambda.capturingClass accessible: module java.base does not "opens java.lang.invoke" to unnamed module @43bc63a3
17:25:10:242  INFO 7524 --- [http-nio-8085-exec-1] com.zaxxer.hikari.HikariDataSource       : HikariPool-1 - Starting...
17:25:10:426  INFO 7524 --- [http-nio-8085-exec-1] com.zaxxer.hikari.HikariDataSource       : HikariPool-1 - Start completed.
17:25:10:436 DEBUG 7524 --- [http-nio-8085-exec-1] c.h.p.mapper.PayOrderMapper.selectList   : ==>  Preparing: SELECT id,biz_order_no,pay_order_no,biz_user_id,pay_channel_code,amount,pay_type,status,expand_json,result_code,result_msg,pay_success_time,pay_over_time,qr_code_url,create_time,update_time,creater,updater,is_delete FROM pay_order WHERE (biz_order_no = ?)
17:25:10:465 DEBUG 7524 --- [http-nio-8085-exec-1] c.h.p.mapper.PayOrderMapper.selectList   : ==> Parameters: null
17:25:10:495 DEBUG 7524 --- [http-nio-8085-exec-1] c.h.p.mapper.PayOrderMapper.selectList   : <==      Total: 0
17:25:10:561 DEBUG 7524 --- [http-nio-8085-exec-1] c.h.pay.mapper.PayOrderMapper.insert     : ==>  Preparing: INSERT INTO pay_order ( id, pay_order_no, status, pay_over_time ) VALUES ( ?, ?, ?, ? )
17:25:10:564 DEBUG 7524 --- [http-nio-8085-exec-1] c.h.pay.mapper.PayOrderMapper.insert     : ==> Parameters: 2058841797269979138(Long), 2058841797269979137(Long), 1(Integer), 2026-05-25T19:25:10.553793900(LocalDateTime)
17:25:10:658 ERROR 7524 --- [http-nio-8085-exec-1] o.a.c.c.C.[.[.[/].[dispatcherServlet]    : Servlet.service() for servlet [dispatcherServlet] in context with path [] threw exception [Request processing failed; nested exception is org.springframework.dao.DataIntegrityViolationException: 
### Error updating database.  Cause: java.sql.SQLException: Field 'biz_order_no' doesn't have a default value
### The error may exist in com/hmall/pay/mapper/PayOrderMapper.java (best guess)
### The error may involve com.hmall.pay.mapper.PayOrderMapper.insert-Inline
### The error occurred while setting parameters
### SQL: INSERT INTO pay_order  ( id,  pay_order_no,     status,     pay_over_time )  VALUES  ( ?,  ?,     ?,     ? )
### Cause: java.sql.SQLException: Field 'biz_order_no' doesn't have a default value
; Field 'biz_order_no' doesn't have a default value; nested exception is java.sql.SQLException: Field 'biz_order_no' doesn't have a default value] with root cause

java.sql.SQLException: Field 'biz_order_no' doesn't have a default value
	at com.mysql.cj.jdbc.exceptions.SQLError.createSQLException(SQLError.java:129) ~[mysql-connector-java-8.0.23.jar:8.0.23]
	at com.mysql.cj.jdbc.exceptions.SQLExceptionsMapping.translateException(SQLExceptionsMapping.java:122) ~[mysql-connector-java-8.0.23.jar:8.0.23]
	at com.mysql.cj.jdbc.ClientPreparedStatement.executeInternal(ClientPreparedStatement.java:953) ~[mysql-connector-java-8.0.23.jar:8.0.23]
	at com.mysql.cj.jdbc.ClientPreparedStatement.execute(ClientPreparedStatement.java:370) ~[mysql-connector-java-8.0.23.jar:8.0.23]
	at com.zaxxer.hikari.pool.ProxyPreparedStatement.execute(ProxyPreparedStatement.java:44) ~[HikariCP-4.0.3.jar:na]
	at com.zaxxer.hikari.pool.HikariProxyPreparedStatement.execute(HikariProxyPreparedStatement.java) ~[HikariCP-4.0.3.jar:na]
	at java.base/jdk.internal.reflect.NativeMethodAccessorImpl.invoke0(Native Method) ~[na:na]
	at java.base/jdk.internal.reflect.NativeMethodAccessorImpl.invoke(NativeMethodAccessorImpl.java:77) ~[na:na]
	at java.base/jdk.internal.reflect.DelegatingMethodAccessorImpl.invoke(DelegatingMethodAccessorImpl.java:43) ~[na:na]
	at java.base/java.lang.reflect.Method.invoke(Method.java:569) ~[na:na]
	at org.apache.ibatis.logging.jdbc.PreparedStatementLogger.invoke(PreparedStatementLogger.java:59) ~[mybatis-3.5.10.jar:3.5.10]
	at jdk.proxy3/jdk.proxy3.$Proxy143.execute(Unknown Source) ~[na:na]
	at org.apache.ibatis.executor.statement.PreparedStatementHandler.update(PreparedStatementHandler.java:47) ~[mybatis-3.5.10.jar:3.5.10]
	at org.apache.ibatis.executor.statement.RoutingStatementHandler.update(RoutingStatementHandler.java:74) ~[mybatis-3.5.10.jar:3.5.10]
	at java.base/jdk.internal.reflect.NativeMethodAccessorImpl.invoke0(Native Method) ~[na:na]
	at java.base/jdk.internal.reflect.NativeMethodAccessorImpl.invoke(NativeMethodAccessorImpl.java:77) ~[na:na]
	at java.base/jdk.internal.reflect.DelegatingMethodAccessorImpl.invoke(DelegatingMethodAccessorImpl.java:43) ~[na:na]
	at java.base/java.lang.reflect.Method.invoke(Method.java:569) ~[na:na]
	at org.apache.ibatis.plugin.Plugin.invoke(Plugin.java:64) ~[mybatis-3.5.10.jar:3.5.10]
	at jdk.proxy2/jdk.proxy2.$Proxy141.update(Unknown Source) ~[na:na]
	at org.apache.ibatis.executor.SimpleExecutor.doUpdate(SimpleExecutor.java:50) ~[mybatis-3.5.10.jar:3.5.10]
	at org.apache.ibatis.executor.BaseExecutor.update(BaseExecutor.java:117) ~[mybatis-3.5.10.jar:3.5.10]
	at org.apache.ibatis.executor.CachingExecutor.update(CachingExecutor.java:76) ~[mybatis-3.5.10.jar:3.5.10]
	at java.base/jdk.internal.reflect.NativeMethodAccessorImpl.invoke0(Native Method) ~[na:na]
	at java.base/jdk.internal.reflect.NativeMethodAccessorImpl.invoke(NativeMethodAccessorImpl.java:77) ~[na:na]
	at java.base/jdk.internal.reflect.DelegatingMethodAccessorImpl.invoke(DelegatingMethodAccessorImpl.java:43) ~[na:na]
	at java.base/java.lang.reflect.Method.invoke(Method.java:569) ~[na:na]
	at org.apache.ibatis.plugin.Invocation.proceed(Invocation.java:49) ~[mybatis-3.5.10.jar:3.5.10]
	at com.baomidou.mybatisplus.extension.plugins.MybatisPlusInterceptor.intercept(MybatisPlusInterceptor.java:106) ~[mybatis-plus-extension-3.5.3.1.jar:3.5.3.1]
	at org.apache.ibatis.plugin.Plugin.invoke(Plugin.java:62) ~[mybatis-3.5.10.jar:3.5.10]
	at jdk.proxy2/jdk.proxy2.$Proxy140.update(Unknown Source) ~[na:na]
	at org.apache.ibatis.session.defaults.DefaultSqlSession.update(DefaultSqlSession.java:194) ~[mybatis-3.5.10.jar:3.5.10]
	at org.apache.ibatis.session.defaults.DefaultSqlSession.insert(DefaultSqlSession.java:181) ~[mybatis-3.5.10.jar:3.5.10]
	at java.base/jdk.internal.reflect.NativeMethodAccessorImpl.invoke0(Native Method) ~[na:na]
	at java.base/jdk.internal.reflect.NativeMethodAccessorImpl.invoke(NativeMethodAccessorImpl.java:77) ~[na:na]
	at java.base/jdk.internal.reflect.DelegatingMethodAccessorImpl.invoke(DelegatingMethodAccessorImpl.java:43) ~[na:na]
	at java.base/java.lang.reflect.Method.invoke(Method.java:569) ~[na:na]
	at org.mybatis.spring.SqlSessionTemplate$SqlSessionInterceptor.invoke(SqlSessionTemplate.java:427) ~[mybatis-spring-2.0.7.jar:2.0.7]
	at jdk.proxy2/jdk.proxy2.$Proxy107.insert(Unknown Source) ~[na:na]
	at org.mybatis.spring.SqlSessionTemplate.insert(SqlSessionTemplate.java:272) ~[mybatis-spring-2.0.7.jar:2.0.7]
	at com.baomidou.mybatisplus.core.override.MybatisMapperMethod.execute(MybatisMapperMethod.java:59) ~[mybatis-plus-core-3.5.3.1.jar:3.5.3.1]
	at com.baomidou.mybatisplus.core.override.MybatisMapperProxy$PlainMethodInvoker.invoke(MybatisMapperProxy.java:148) ~[mybatis-plus-core-3.5.3.1.jar:3.5.3.1]
	at com.baomidou.mybatisplus.core.override.MybatisMapperProxy.invoke(MybatisMapperProxy.java:89) ~[mybatis-plus-core-3.5.3.1.jar:3.5.3.1]
	at jdk.proxy2/jdk.proxy2.$Proxy110.insert(Unknown Source) ~[na:na]
	at com.baomidou.mybatisplus.extension.service.IService.save(IService.java:63) ~[mybatis-plus-extension-3.5.3.1.jar:3.5.3.1]
	at com.hmall.pay.service.impl.PayOrderServiceImpl.checkIdempotent(PayOrderServiceImpl.java:87) ~[classes/:na]
	at com.hmall.pay.service.impl.PayOrderServiceImpl.applyPayOrder(PayOrderServiceImpl.java:42) ~[classes/:na]
	at com.hmall.pay.service.impl.PayOrderServiceImpl$$FastClassBySpringCGLIB$$b2062e7f.invoke(<generated>) ~[classes/:na]
	at org.springframework.cglib.proxy.MethodProxy.invoke(MethodProxy.java:218) ~[spring-core-5.3.27.jar:5.3.27]
	at org.springframework.aop.framework.CglibAopProxy.invokeMethod(CglibAopProxy.java:386) ~[spring-aop-5.3.27.jar:5.3.27]
	at org.springframework.aop.framework.CglibAopProxy.access$000(CglibAopProxy.java:85) ~[spring-aop-5.3.27.jar:5.3.27]
	at org.springframework.aop.framework.CglibAopProxy$DynamicAdvisedInterceptor.intercept(CglibAopProxy.java:704) ~[spring-aop-5.3.27.jar:5.3.27]
	at com.hmall.pay.service.impl.PayOrderServiceImpl$$EnhancerBySpringCGLIB$$fc169735.applyPayOrder(<generated>) ~[classes/:na]
	at com.hmall.pay.controller.PayController.applyPayOrder(PayController.java:29) ~[classes/:na]
	at java.base/jdk.internal.reflect.NativeMethodAccessorImpl.invoke0(Native Method) ~[na:na]
	at java.base/jdk.internal.reflect.NativeMethodAccessorImpl.invoke(NativeMethodAccessorImpl.java:77) ~[na:na]
	at java.base/jdk.internal.reflect.DelegatingMethodAccessorImpl.invoke(DelegatingMethodAccessorImpl.java:43) ~[na:na]
	at java.base/java.lang.reflect.Method.invoke(Method.java:569) ~[na:na]
	at org.springframework.web.method.support.InvocableHandlerMethod.doInvoke(InvocableHandlerMethod.java:205) ~[spring-web-5.3.27.jar:5.3.27]
	at org.springframework.web.method.support.InvocableHandlerMethod.invokeForRequest(InvocableHandlerMethod.java:150) ~[spring-web-5.3.27.jar:5.3.27]
	at org.springframework.web.servlet.mvc.method.annotation.ServletInvocableHandlerMethod.invokeAndHandle(ServletInvocableHandlerMethod.java:117) ~[spring-webmvc-5.3.27.jar:5.3.27]
	at org.springframework.web.servlet.mvc.method.annotation.RequestMappingHandlerAdapter.invokeHandlerMethod(RequestMappingHandlerAdapter.java:895) ~[spring-webmvc-5.3.27.jar:5.3.27]
	at org.springframework.web.servlet.mvc.method.annotation.RequestMappingHandlerAdapter.handleInternal(RequestMappingHandlerAdapter.java:808) ~[spring-webmvc-5.3.27.jar:5.3.27]
	at org.springframework.web.servlet.mvc.method.AbstractHandlerMethodAdapter.handle(AbstractHandlerMethodAdapter.java:87) ~[spring-webmvc-5.3.27.jar:5.3.27]
	at org.springframework.web.servlet.DispatcherServlet.doDispatch(DispatcherServlet.java:1072) ~[spring-webmvc-5.3.27.jar:5.3.27]
	at org.springframework.web.servlet.DispatcherServlet.doService(DispatcherServlet.java:965) ~[spring-webmvc-5.3.27.jar:5.3.27]
	at org.springframework.web.servlet.FrameworkServlet.processRequest(FrameworkServlet.java:1006) ~[spring-webmvc-5.3.27.jar:5.3.27]
	at org.springframework.web.servlet.FrameworkServlet.doPost(FrameworkServlet.java:909) ~[spring-webmvc-5.3.27.jar:5.3.27]
	at javax.servlet.http.HttpServlet.service(HttpServlet.java:555) ~[tomcat-embed-core-9.0.75.jar:4.0.FR]
	at org.springframework.web.servlet.FrameworkServlet.service(FrameworkServlet.java:883) ~[spring-webmvc-5.3.27.jar:5.3.27]
	at javax.servlet.http.HttpServlet.service(HttpServlet.java:623) ~[tomcat-embed-core-9.0.75.jar:4.0.FR]
	at org.apache.catalina.core.ApplicationFilterChain.internalDoFilter(ApplicationFilterChain.java:209) ~[tomcat-embed-core-9.0.75.jar:9.0.75]
	at org.apache.catalina.core.ApplicationFilterChain.doFilter(ApplicationFilterChain.java:153) ~[tomcat-embed-core-9.0.75.jar:9.0.75]
	at org.apache.tomcat.websocket.server.WsFilter.doFilter(WsFilter.java:51) ~[tomcat-embed-websocket-9.0.75.jar:9.0.75]
	at org.apache.catalina.core.ApplicationFilterChain.internalDoFilter(ApplicationFilterChain.java:178) ~[tomcat-embed-core-9.0.75.jar:9.0.75]
	at org.apache.catalina.core.ApplicationFilterChain.doFilter(ApplicationFilterChain.java:153) ~[tomcat-embed-core-9.0.75.jar:9.0.75]
	at org.springframework.web.filter.RequestContextFilter.doFilterInternal(RequestContextFilter.java:100) ~[spring-web-5.3.27.jar:5.3.27]
	at org.springframework.web.filter.OncePerRequestFilter.doFilter(OncePerRequestFilter.java:117) ~[spring-web-5.3.27.jar:5.3.27]
	at org.apache.catalina.core.ApplicationFilterChain.internalDoFilter(ApplicationFilterChain.java:178) ~[tomcat-embed-core-9.0.75.jar:9.0.75]
	at org.apache.catalina.core.ApplicationFilterChain.doFilter(ApplicationFilterChain.java:153) ~[tomcat-embed-core-9.0.75.jar:9.0.75]
	at org.springframework.web.filter.FormContentFilter.doFilterInternal(FormContentFilter.java:93) ~[spring-web-5.3.27.jar:5.3.27]
	at org.springframework.web.filter.OncePerRequestFilter.doFilter(OncePerRequestFilter.java:117) ~[spring-web-5.3.27.jar:5.3.27]
	at org.apache.catalina.core.ApplicationFilterChain.internalDoFilter(ApplicationFilterChain.java:178) ~[tomcat-embed-core-9.0.75.jar:9.0.75]
	at org.apache.catalina.core.ApplicationFilterChain.doFilter(ApplicationFilterChain.java:153) ~[tomcat-embed-core-9.0.75.jar:9.0.75]
	at org.springframework.web.filter.CharacterEncodingFilter.doFilterInternal(CharacterEncodingFilter.java:201) ~[spring-web-5.3.27.jar:5.3.27]
	at org.springframework.web.filter.OncePerRequestFilter.doFilter(OncePerRequestFilter.java:117) ~[spring-web-5.3.27.jar:5.3.27]
	at org.apache.catalina.core.ApplicationFilterChain.internalDoFilter(ApplicationFilterChain.java:178) ~[tomcat-embed-core-9.0.75.jar:9.0.75]
	at org.apache.catalina.core.ApplicationFilterChain.doFilter(ApplicationFilterChain.java:153) ~[tomcat-embed-core-9.0.75.jar:9.0.75]
	at org.apache.catalina.core.StandardWrapperValve.invoke(StandardWrapperValve.java:167) ~[tomcat-embed-core-9.0.75.jar:9.0.75]
	at org.apache.catalina.core.StandardContextValve.invoke(StandardContextValve.java:90) ~[tomcat-embed-core-9.0.75.jar:9.0.75]
	at org.apache.catalina.authenticator.AuthenticatorBase.invoke(AuthenticatorBase.java:481) ~[tomcat-embed-core-9.0.75.jar:9.0.75]
	at org.apache.catalina.core.StandardHostValve.invoke(StandardHostValve.java:130) ~[tomcat-embed-core-9.0.75.jar:9.0.75]
	at org.apache.catalina.valves.ErrorReportValve.invoke(ErrorReportValve.java:93) ~[tomcat-embed-core-9.0.75.jar:9.0.75]
	at org.apache.catalina.core.StandardEngineValve.invoke(StandardEngineValve.java:74) ~[tomcat-embed-core-9.0.75.jar:9.0.75]
	at org.apache.catalina.connector.CoyoteAdapter.service(CoyoteAdapter.java:343) ~[tomcat-embed-core-9.0.75.jar:9.0.75]
	at org.apache.coyote.http11.Http11Processor.service(Http11Processor.java:390) ~[tomcat-embed-core-9.0.75.jar:9.0.75]
	at org.apache.coyote.AbstractProcessorLight.process(AbstractProcessorLight.java:63) ~[tomcat-embed-core-9.0.75.jar:9.0.75]
	at org.apache.coyote.AbstractProtocol$ConnectionHandler.process(AbstractProtocol.java:926) ~[tomcat-embed-core-9.0.75.jar:9.0.75]
	at org.apache.tomcat.util.net.NioEndpoint$SocketProcessor.doRun(NioEndpoint.java:1791) ~[tomcat-embed-core-9.0.75.jar:9.0.75]
	at org.apache.tomcat.util.net.SocketProcessorBase.run(SocketProcessorBase.java:52) ~[tomcat-embed-core-9.0.75.jar:9.0.75]
	at org.apache.tomcat.util.threads.ThreadPoolExecutor.runWorker(ThreadPoolExecutor.java:1191) ~[tomcat-embed-core-9.0.75.jar:9.0.75]
	at org.apache.tomcat.util.threads.ThreadPoolExecutor$Worker.run(ThreadPoolExecutor.java:659) ~[tomcat-embed-core-9.0.75.jar:9.0.75]
	at org.apache.tomcat.util.threads.TaskThread$WrappingRunnable.run(TaskThread.java:61) ~[tomcat-embed-core-9.0.75.jar:9.0.75]
	at java.base/java.lang.Thread.run(Thread.java:840) ~[na:na]

17:34:44:608  WARN 7524 --- [Thread-4] c.a.nacos.common.notify.NotifyCenter     : [NotifyCenter] Start destroying Publisher
17:34:44:608  WARN 7524 --- [Thread-7] c.a.n.common.http.HttpClientBeanHolder   : [HttpClientBeanHolder] Start destroying common HttpClient
17:34:44:611  WARN 7524 --- [Thread-4] c.a.nacos.common.notify.NotifyCenter     : [NotifyCenter] Destruction of the end
17:34:44:614  WARN 7524 --- [Thread-7] c.a.n.common.http.HttpClientBeanHolder   : [HttpClientBeanHolder] Destruction of the end
17:34:44:684  INFO 7524 --- [SpringApplicationShutdownHook] c.a.c.n.registry.NacosServiceRegistry    : De-registering from Nacos Server now...
17:34:44:690  INFO 7524 --- [SpringApplicationShutdownHook] c.a.c.n.registry.NacosServiceRegistry    : De-registration finished.
17:34:45:027  INFO 7524 --- [SpringApplicationShutdownHook] com.alibaba.nacos.common.remote.client   : Shutdown rpc client, set status to shutdown
17:34:45:027  INFO 7524 --- [SpringApplicationShutdownHook] com.alibaba.nacos.common.remote.client   : Shutdown client event executor java.util.concurrent.ScheduledThreadPoolExecutor@5499a1f1[Running, pool size = 2, active threads = 2, queued tasks = 0, completed tasks = 0]
17:34:45:027  INFO 7524 --- [SpringApplicationShutdownHook] com.alibaba.nacos.common.remote.client   : Close current connection 1779700737261_192.168.12.1_4761
17:34:45:029  INFO 7524 --- [nacos-grpc-client-executor-207] c.a.n.c.remote.client.grpc.GrpcClient    : [1779700737261_192.168.12.1_4761]Ignore complete event,isRunning:false,isAbandon=false
17:34:45:037  INFO 7524 --- [SpringApplicationShutdownHook] c.a.n.c.remote.client.grpc.GrpcClient    : Shutdown grpc executor java.util.concurrent.ThreadPoolExecutor@43bf301d[Running, pool size = 5, active threads = 0, queued tasks = 0, completed tasks = 208]
17:34:45:044  INFO 7524 --- [SpringApplicationShutdownHook] com.zaxxer.hikari.HikariDataSource       : HikariPool-1 - Shutdown initiated...
17:34:45:059  INFO 7524 --- [SpringApplicationShutdownHook] com.zaxxer.hikari.HikariDataSource       : HikariPool-1 - Shutdown completed.
17:34:51:669  INFO 30400 --- [main] com.hmall.pay.PayApplication             : Starting PayApplication using Java 17.0.18 on LAPTOP-TAHSHQGJ with PID 30400 (D:\shuangti\woekspace147\microService147\hmall\pay-service\target\classes started by guorenhao in D:\shuangti\woekspace147\microService147)
17:34:51:672 DEBUG 30400 --- [main] com.hmall.pay.PayApplication             : Running with Spring Boot v2.7.12, Spring v5.3.27
17:34:51:673  INFO 30400 --- [main] com.hmall.pay.PayApplication             : The following 1 profile is active: "dev"
17:34:53:181  INFO 30400 --- [main] o.s.cloud.context.scope.GenericScope     : BeanFactory id=a2fb5caa-c240-3302-b863-81079c3383fb
17:34:54:010  INFO 30400 --- [main] o.s.b.w.embedded.tomcat.TomcatWebServer  : Tomcat initialized with port(s): 8085 (http)
17:34:54:024  INFO 30400 --- [main] o.apache.catalina.core.StandardService   : Starting service [Tomcat]
17:34:54:024  INFO 30400 --- [main] org.apache.catalina.core.StandardEngine  : Starting Servlet engine: [Apache Tomcat/9.0.75]
17:34:54:273  INFO 30400 --- [main] o.a.c.c.C.[Tomcat].[localhost].[/]       : Initializing Spring embedded WebApplicationContext
17:34:54:274  INFO 30400 --- [main] w.s.c.ServletWebServerApplicationContext : Root WebApplicationContext: initialization completed in 2539 ms
17:34:54:557  INFO 30400 --- [main] o.s.c.openfeign.FeignClientFactoryBean   : For 'user-service' URL not provided. Will try picking an instance via load-balancing.
17:34:54:628  INFO 30400 --- [main] o.s.c.openfeign.FeignClientFactoryBean   : For 'trade-service' URL not provided. Will try picking an instance via load-balancing.
17:34:55:969  INFO 30400 --- [main] pertySourcedRequestMappingHandlerMapping : Mapped URL path [/v2/api-docs] onto method [springfox.documentation.swagger2.web.Swagger2ControllerWebMvc#getDocumentation(String, HttpServletRequest)]
17:34:56:712  INFO 30400 --- [main] com.alibaba.nacos.common.remote.client   : [RpcClientFactory] create a new rpc client of d82674cf-4555-4193-8666-d20d7a14e78b
17:34:56:811  INFO 30400 --- [main] org.reflections.Reflections              : Reflections took 43 ms to scan 1 urls, producing 3 keys and 6 values 
17:34:56:846  INFO 30400 --- [main] org.reflections.Reflections              : Reflections took 11 ms to scan 1 urls, producing 4 keys and 9 values 
17:34:56:860  INFO 30400 --- [main] org.reflections.Reflections              : Reflections took 7 ms to scan 1 urls, producing 3 keys and 10 values 
17:34:56:863  WARN 30400 --- [main] org.reflections.Reflections              : given scan urls are empty. set urls in the configuration
17:34:56:871  INFO 30400 --- [main] org.reflections.Reflections              : Reflections took 7 ms to scan 1 urls, producing 1 keys and 5 values 
17:34:56:884  INFO 30400 --- [main] org.reflections.Reflections              : Reflections took 9 ms to scan 1 urls, producing 1 keys and 7 values 
17:34:56:895  INFO 30400 --- [main] org.reflections.Reflections              : Reflections took 7 ms to scan 1 urls, producing 2 keys and 8 values 
17:34:56:899  WARN 30400 --- [main] org.reflections.Reflections              : given scan urls are empty. set urls in the configuration
17:34:56:900  INFO 30400 --- [main] com.alibaba.nacos.common.remote.client   : [d82674cf-4555-4193-8666-d20d7a14e78b] RpcClient init label, labels = {module=naming, source=sdk}
17:34:56:903  INFO 30400 --- [main] com.alibaba.nacos.common.remote.client   : [d82674cf-4555-4193-8666-d20d7a14e78b] RpcClient init, ServerListFactory = com.alibaba.nacos.client.naming.core.ServerListManager
17:34:56:903  INFO 30400 --- [main] com.alibaba.nacos.common.remote.client   : [d82674cf-4555-4193-8666-d20d7a14e78b] Registry connection listener to current client:com.alibaba.nacos.client.naming.remote.gprc.redo.NamingGrpcRedoService
17:34:56:904  INFO 30400 --- [main] com.alibaba.nacos.common.remote.client   : [d82674cf-4555-4193-8666-d20d7a14e78b] Register server push request handler:com.alibaba.nacos.client.naming.remote.gprc.NamingPushRequestHandler
17:34:56:906  INFO 30400 --- [main] com.alibaba.nacos.common.remote.client   : [d82674cf-4555-4193-8666-d20d7a14e78b] Try to connect to server on start up, server: {serverIp = '192.168.12.6', server main port = 8848}
17:34:58:450  INFO 30400 --- [main] com.alibaba.nacos.common.remote.client   : [d82674cf-4555-4193-8666-d20d7a14e78b] Success to connect to server [192.168.12.6:8848] on start up, connectionId = 1779701695073_192.168.12.1_13219
17:34:58:451  INFO 30400 --- [com.alibaba.nacos.client.remote.worker] com.alibaba.nacos.common.remote.client   : [d82674cf-4555-4193-8666-d20d7a14e78b] Notify connected event to listeners.
17:34:58:451  INFO 30400 --- [main] com.alibaba.nacos.common.remote.client   : [d82674cf-4555-4193-8666-d20d7a14e78b] Register server push request handler:com.alibaba.nacos.common.remote.client.RpcClient$ConnectResetRequestHandler
17:34:58:452  INFO 30400 --- [main] com.alibaba.nacos.common.remote.client   : [d82674cf-4555-4193-8666-d20d7a14e78b] Register server push request handler:com.alibaba.nacos.common.remote.client.RpcClient$$Lambda$994/0x000000001c7c9cc8
17:34:58:523  INFO 30400 --- [main] o.s.b.w.embedded.tomcat.TomcatWebServer  : Tomcat started on port(s): 8085 (http) with context path ''
17:34:58:533  INFO 30400 --- [main] c.a.c.n.registry.NacosServiceRegistry    : nacos registry, DEFAULT_GROUP pay-service 10.40.16.98:8085 register finished
17:34:58:787  INFO 30400 --- [main] d.s.w.p.DocumentationPluginsBootstrapper : Documentation plugins bootstrapped
17:34:58:790  INFO 30400 --- [main] d.s.w.p.DocumentationPluginsBootstrapper : Found 1 custom documentation plugin(s)
17:34:58:816  INFO 30400 --- [main] s.d.s.w.s.ApiListingReferenceScanner     : Scanning for api listing references
17:34:58:917  INFO 30400 --- [main] com.hmall.pay.PayApplication             : Started PayApplication in 8.343 seconds (JVM running for 9.408)
17:34:59:087  INFO 30400 --- [nacos-grpc-client-executor-9] com.alibaba.nacos.common.remote.client   : [d82674cf-4555-4193-8666-d20d7a14e78b] Receive server push request, request = NotifySubscriberRequest, requestId = 9
17:34:59:091  INFO 30400 --- [nacos-grpc-client-executor-9] com.alibaba.nacos.common.remote.client   : [d82674cf-4555-4193-8666-d20d7a14e78b] Ack server push request, request = NotifySubscriberRequest, requestId = 9
17:35:02:779  INFO 30400 --- [http-nio-8085-exec-1] o.a.c.c.C.[Tomcat].[localhost].[/]       : Initializing Spring DispatcherServlet 'dispatcherServlet'
17:35:02:779  INFO 30400 --- [http-nio-8085-exec-1] o.s.web.servlet.DispatcherServlet        : Initializing Servlet 'dispatcherServlet'
17:35:02:781  INFO 30400 --- [http-nio-8085-exec-1] o.s.web.servlet.DispatcherServlet        : Completed initialization in 1 ms
17:35:11:355  INFO 30400 --- [http-nio-8085-exec-4] com.zaxxer.hikari.HikariDataSource       : HikariPool-1 - Starting...
17:35:11:559  INFO 30400 --- [http-nio-8085-exec-4] com.zaxxer.hikari.HikariDataSource       : HikariPool-1 - Start completed.
17:35:11:609 DEBUG 30400 --- [http-nio-8085-exec-4] c.h.p.mapper.PayOrderMapper.selectById   : ==>  Preparing: SELECT id,biz_order_no,pay_order_no,biz_user_id,pay_channel_code,amount,pay_type,status,expand_json,result_code,result_msg,pay_success_time,pay_over_time,qr_code_url,create_time,update_time,creater,updater,is_delete FROM pay_order WHERE id=?
17:35:11:638 DEBUG 30400 --- [http-nio-8085-exec-4] c.h.p.mapper.PayOrderMapper.selectById   : ==> Parameters: 1659160218174607363(Long)
17:35:11:677 DEBUG 30400 --- [http-nio-8085-exec-4] c.h.p.mapper.PayOrderMapper.selectById   : <==      Total: 1
17:35:11:696 ERROR 30400 --- [http-nio-8085-exec-4] o.a.c.c.C.[.[.[/].[dispatcherServlet]    : Servlet.service() for servlet [dispatcherServlet] in context with path [] threw exception [Request processing failed; nested exception is com.hmall.common.exception.BizIllegalException: 交易已支付或关闭！] with root cause

com.hmall.common.exception.BizIllegalException: 交易已支付或关闭！
	at com.hmall.pay.service.impl.PayOrderServiceImpl.tryPayOrderByBalance(PayOrderServiceImpl.java:55) ~[classes/:na]
	at com.hmall.pay.service.impl.PayOrderServiceImpl$$FastClassBySpringCGLIB$$b2062e7f.invoke(<generated>) ~[classes/:na]
	at org.springframework.cglib.proxy.MethodProxy.invoke(MethodProxy.java:218) ~[spring-core-5.3.27.jar:5.3.27]
	at org.springframework.aop.framework.CglibAopProxy$CglibMethodInvocation.invokeJoinpoint(CglibAopProxy.java:793) ~[spring-aop-5.3.27.jar:5.3.27]
	at org.springframework.aop.framework.ReflectiveMethodInvocation.proceed(ReflectiveMethodInvocation.java:163) ~[spring-aop-5.3.27.jar:5.3.27]
	at org.springframework.aop.framework.CglibAopProxy$CglibMethodInvocation.proceed(CglibAopProxy.java:763) ~[spring-aop-5.3.27.jar:5.3.27]
	at org.springframework.transaction.interceptor.TransactionInterceptor$1.proceedWithInvocation(TransactionInterceptor.java:123) ~[spring-tx-5.3.27.jar:5.3.27]
	at org.springframework.transaction.interceptor.TransactionAspectSupport.invokeWithinTransaction(TransactionAspectSupport.java:388) ~[spring-tx-5.3.27.jar:5.3.27]
	at org.springframework.transaction.interceptor.TransactionInterceptor.invoke(TransactionInterceptor.java:119) ~[spring-tx-5.3.27.jar:5.3.27]
	at org.springframework.aop.framework.ReflectiveMethodInvocation.proceed(ReflectiveMethodInvocation.java:186) ~[spring-aop-5.3.27.jar:5.3.27]
	at org.springframework.aop.framework.CglibAopProxy$CglibMethodInvocation.proceed(CglibAopProxy.java:763) ~[spring-aop-5.3.27.jar:5.3.27]
	at org.springframework.aop.framework.CglibAopProxy$DynamicAdvisedInterceptor.intercept(CglibAopProxy.java:708) ~[spring-aop-5.3.27.jar:5.3.27]
	at com.hmall.pay.service.impl.PayOrderServiceImpl$$EnhancerBySpringCGLIB$$e586933b.tryPayOrderByBalance(<generated>) ~[classes/:na]
	at com.hmall.pay.controller.PayController.tryPayOrderByBalance(PayController.java:37) ~[classes/:na]
	at java.base/jdk.internal.reflect.NativeMethodAccessorImpl.invoke0(Native Method) ~[na:na]
	at java.base/jdk.internal.reflect.NativeMethodAccessorImpl.invoke(NativeMethodAccessorImpl.java:77) ~[na:na]
	at java.base/jdk.internal.reflect.DelegatingMethodAccessorImpl.invoke(DelegatingMethodAccessorImpl.java:43) ~[na:na]
	at java.base/java.lang.reflect.Method.invoke(Method.java:569) ~[na:na]
	at org.springframework.web.method.support.InvocableHandlerMethod.doInvoke(InvocableHandlerMethod.java:205) ~[spring-web-5.3.27.jar:5.3.27]
	at org.springframework.web.method.support.InvocableHandlerMethod.invokeForRequest(InvocableHandlerMethod.java:150) ~[spring-web-5.3.27.jar:5.3.27]
	at org.springframework.web.servlet.mvc.method.annotation.ServletInvocableHandlerMethod.invokeAndHandle(ServletInvocableHandlerMethod.java:117) ~[spring-webmvc-5.3.27.jar:5.3.27]
	at org.springframework.web.servlet.mvc.method.annotation.RequestMappingHandlerAdapter.invokeHandlerMethod(RequestMappingHandlerAdapter.java:895) ~[spring-webmvc-5.3.27.jar:5.3.27]
	at org.springframework.web.servlet.mvc.method.annotation.RequestMappingHandlerAdapter.handleInternal(RequestMappingHandlerAdapter.java:808) ~[spring-webmvc-5.3.27.jar:5.3.27]
	at org.springframework.web.servlet.mvc.method.AbstractHandlerMethodAdapter.handle(AbstractHandlerMethodAdapter.java:87) ~[spring-webmvc-5.3.27.jar:5.3.27]
	at org.springframework.web.servlet.DispatcherServlet.doDispatch(DispatcherServlet.java:1072) ~[spring-webmvc-5.3.27.jar:5.3.27]
	at org.springframework.web.servlet.DispatcherServlet.doService(DispatcherServlet.java:965) ~[spring-webmvc-5.3.27.jar:5.3.27]
	at org.springframework.web.servlet.FrameworkServlet.processRequest(FrameworkServlet.java:1006) ~[spring-webmvc-5.3.27.jar:5.3.27]
	at org.springframework.web.servlet.FrameworkServlet.doPost(FrameworkServlet.java:909) ~[spring-webmvc-5.3.27.jar:5.3.27]
	at javax.servlet.http.HttpServlet.service(HttpServlet.java:555) ~[tomcat-embed-core-9.0.75.jar:4.0.FR]
	at org.springframework.web.servlet.FrameworkServlet.service(FrameworkServlet.java:883) ~[spring-webmvc-5.3.27.jar:5.3.27]
	at javax.servlet.http.HttpServlet.service(HttpServlet.java:623) ~[tomcat-embed-core-9.0.75.jar:4.0.FR]
	at org.apache.catalina.core.ApplicationFilterChain.internalDoFilter(ApplicationFilterChain.java:209) ~[tomcat-embed-core-9.0.75.jar:9.0.75]
	at org.apache.catalina.core.ApplicationFilterChain.doFilter(ApplicationFilterChain.java:153) ~[tomcat-embed-core-9.0.75.jar:9.0.75]
	at org.apache.tomcat.websocket.server.WsFilter.doFilter(WsFilter.java:51) ~[tomcat-embed-websocket-9.0.75.jar:9.0.75]
	at org.apache.catalina.core.ApplicationFilterChain.internalDoFilter(ApplicationFilterChain.java:178) ~[tomcat-embed-core-9.0.75.jar:9.0.75]
	at org.apache.catalina.core.ApplicationFilterChain.doFilter(ApplicationFilterChain.java:153) ~[tomcat-embed-core-9.0.75.jar:9.0.75]
	at org.springframework.web.filter.RequestContextFilter.doFilterInternal(RequestContextFilter.java:100) ~[spring-web-5.3.27.jar:5.3.27]
	at org.springframework.web.filter.OncePerRequestFilter.doFilter(OncePerRequestFilter.java:117) ~[spring-web-5.3.27.jar:5.3.27]
	at org.apache.catalina.core.ApplicationFilterChain.internalDoFilter(ApplicationFilterChain.java:178) ~[tomcat-embed-core-9.0.75.jar:9.0.75]
	at org.apache.catalina.core.ApplicationFilterChain.doFilter(ApplicationFilterChain.java:153) ~[tomcat-embed-core-9.0.75.jar:9.0.75]
	at org.springframework.web.filter.FormContentFilter.doFilterInternal(FormContentFilter.java:93) ~[spring-web-5.3.27.jar:5.3.27]
	at org.springframework.web.filter.OncePerRequestFilter.doFilter(OncePerRequestFilter.java:117) ~[spring-web-5.3.27.jar:5.3.27]
	at org.apache.catalina.core.ApplicationFilterChain.internalDoFilter(ApplicationFilterChain.java:178) ~[tomcat-embed-core-9.0.75.jar:9.0.75]
	at org.apache.catalina.core.ApplicationFilterChain.doFilter(ApplicationFilterChain.java:153) ~[tomcat-embed-core-9.0.75.jar:9.0.75]
	at org.springframework.web.filter.CharacterEncodingFilter.doFilterInternal(CharacterEncodingFilter.java:201) ~[spring-web-5.3.27.jar:5.3.27]
	at org.springframework.web.filter.OncePerRequestFilter.doFilter(OncePerRequestFilter.java:117) ~[spring-web-5.3.27.jar:5.3.27]
	at org.apache.catalina.core.ApplicationFilterChain.internalDoFilter(ApplicationFilterChain.java:178) ~[tomcat-embed-core-9.0.75.jar:9.0.75]
	at org.apache.catalina.core.ApplicationFilterChain.doFilter(ApplicationFilterChain.java:153) ~[tomcat-embed-core-9.0.75.jar:9.0.75]
	at org.apache.catalina.core.StandardWrapperValve.invoke(StandardWrapperValve.java:167) ~[tomcat-embed-core-9.0.75.jar:9.0.75]
	at org.apache.catalina.core.StandardContextValve.invoke(StandardContextValve.java:90) ~[tomcat-embed-core-9.0.75.jar:9.0.75]
	at org.apache.catalina.authenticator.AuthenticatorBase.invoke(AuthenticatorBase.java:481) ~[tomcat-embed-core-9.0.75.jar:9.0.75]
	at org.apache.catalina.core.StandardHostValve.invoke(StandardHostValve.java:130) ~[tomcat-embed-core-9.0.75.jar:9.0.75]
	at org.apache.catalina.valves.ErrorReportValve.invoke(ErrorReportValve.java:93) ~[tomcat-embed-core-9.0.75.jar:9.0.75]
	at org.apache.catalina.core.StandardEngineValve.invoke(StandardEngineValve.java:74) ~[tomcat-embed-core-9.0.75.jar:9.0.75]
	at org.apache.catalina.connector.CoyoteAdapter.service(CoyoteAdapter.java:343) ~[tomcat-embed-core-9.0.75.jar:9.0.75]
	at org.apache.coyote.http11.Http11Processor.service(Http11Processor.java:390) ~[tomcat-embed-core-9.0.75.jar:9.0.75]
	at org.apache.coyote.AbstractProcessorLight.process(AbstractProcessorLight.java:63) ~[tomcat-embed-core-9.0.75.jar:9.0.75]
	at org.apache.coyote.AbstractProtocol$ConnectionHandler.process(AbstractProtocol.java:926) ~[tomcat-embed-core-9.0.75.jar:9.0.75]
	at org.apache.tomcat.util.net.NioEndpoint$SocketProcessor.doRun(NioEndpoint.java:1791) ~[tomcat-embed-core-9.0.75.jar:9.0.75]
	at org.apache.tomcat.util.net.SocketProcessorBase.run(SocketProcessorBase.java:52) ~[tomcat-embed-core-9.0.75.jar:9.0.75]
	at org.apache.tomcat.util.threads.ThreadPoolExecutor.runWorker(ThreadPoolExecutor.java:1191) ~[tomcat-embed-core-9.0.75.jar:9.0.75]
	at org.apache.tomcat.util.threads.ThreadPoolExecutor$Worker.run(ThreadPoolExecutor.java:659) ~[tomcat-embed-core-9.0.75.jar:9.0.75]
	at org.apache.tomcat.util.threads.TaskThread$WrappingRunnable.run(TaskThread.java:61) ~[tomcat-embed-core-9.0.75.jar:9.0.75]
	at java.base/java.lang.Thread.run(Thread.java:840) ~[na:na]

17:38:39:647 DEBUG 30400 --- [http-nio-8085-exec-9] c.h.p.mapper.PayOrderMapper.selectById   : ==>  Preparing: SELECT id,biz_order_no,pay_order_no,biz_user_id,pay_channel_code,amount,pay_type,status,expand_json,result_code,result_msg,pay_success_time,pay_over_time,qr_code_url,create_time,update_time,creater,updater,is_delete FROM pay_order WHERE id=?
17:38:39:651 DEBUG 30400 --- [http-nio-8085-exec-9] c.h.p.mapper.PayOrderMapper.selectById   : ==> Parameters: 1659160218174607363(Long)
17:38:39:656 DEBUG 30400 --- [http-nio-8085-exec-9] c.h.p.mapper.PayOrderMapper.selectById   : <==      Total: 1
17:38:39:933 ERROR 30400 --- [http-nio-8085-exec-9] o.a.c.c.C.[.[.[/].[dispatcherServlet]    : Servlet.service() for servlet [dispatcherServlet] in context with path [] threw exception [Request processing failed; nested exception is feign.FeignException$NotFound: [404] during [PUT] to [http://user-service/money/deduct?pw=123&amount=156000] [UserClient#deductMoney(String,Integer)]: [{"timestamp":"2026-05-25T09:38:39.907+00:00","status":404,"error":"Not Found","path":"/money/deduct"}]] with root cause

feign.FeignException$NotFound: [404] during [PUT] to [http://user-service/money/deduct?pw=123&amount=156000] [UserClient#deductMoney(String,Integer)]: [{"timestamp":"2026-05-25T09:38:39.907+00:00","status":404,"error":"Not Found","path":"/money/deduct"}]
	at feign.FeignException.clientErrorStatus(FeignException.java:219) ~[feign-core-11.8.jar:na]
	at feign.FeignException.errorStatus(FeignException.java:194) ~[feign-core-11.8.jar:na]
	at feign.FeignException.errorStatus(FeignException.java:185) ~[feign-core-11.8.jar:na]
	at feign.codec.ErrorDecoder$Default.decode(ErrorDecoder.java:92) ~[feign-core-11.8.jar:na]
	at feign.AsyncResponseHandler.handleResponse(AsyncResponseHandler.java:96) ~[feign-core-11.8.jar:na]
	at feign.SynchronousMethodHandler.executeAndDecode(SynchronousMethodHandler.java:138) ~[feign-core-11.8.jar:na]
	at feign.SynchronousMethodHandler.invoke(SynchronousMethodHandler.java:89) ~[feign-core-11.8.jar:na]
	at feign.ReflectiveFeign$FeignInvocationHandler.invoke(ReflectiveFeign.java:100) ~[feign-core-11.8.jar:na]
	at jdk.proxy2/jdk.proxy2.$Proxy102.deductMoney(Unknown Source) ~[na:na]
	at com.hmall.pay.service.impl.PayOrderServiceImpl.tryPayOrderByBalance(PayOrderServiceImpl.java:58) ~[classes/:na]
	at com.hmall.pay.service.impl.PayOrderServiceImpl$$FastClassBySpringCGLIB$$b2062e7f.invoke(<generated>) ~[classes/:na]
	at org.springframework.cglib.proxy.MethodProxy.invoke(MethodProxy.java:218) ~[spring-core-5.3.27.jar:5.3.27]
	at org.springframework.aop.framework.CglibAopProxy$CglibMethodInvocation.invokeJoinpoint(CglibAopProxy.java:793) ~[spring-aop-5.3.27.jar:5.3.27]
	at org.springframework.aop.framework.ReflectiveMethodInvocation.proceed(ReflectiveMethodInvocation.java:163) ~[spring-aop-5.3.27.jar:5.3.27]
	at org.springframework.aop.framework.CglibAopProxy$CglibMethodInvocation.proceed(CglibAopProxy.java:763) ~[spring-aop-5.3.27.jar:5.3.27]
	at org.springframework.transaction.interceptor.TransactionInterceptor$1.proceedWithInvocation(TransactionInterceptor.java:123) ~[spring-tx-5.3.27.jar:5.3.27]
	at org.springframework.transaction.interceptor.TransactionAspectSupport.invokeWithinTransaction(TransactionAspectSupport.java:388) ~[spring-tx-5.3.27.jar:5.3.27]
	at org.springframework.transaction.interceptor.TransactionInterceptor.invoke(TransactionInterceptor.java:119) ~[spring-tx-5.3.27.jar:5.3.27]
	at org.springframework.aop.framework.ReflectiveMethodInvocation.proceed(ReflectiveMethodInvocation.java:186) ~[spring-aop-5.3.27.jar:5.3.27]
	at org.springframework.aop.framework.CglibAopProxy$CglibMethodInvocation.proceed(CglibAopProxy.java:763) ~[spring-aop-5.3.27.jar:5.3.27]
	at org.springframework.aop.framework.CglibAopProxy$DynamicAdvisedInterceptor.intercept(CglibAopProxy.java:708) ~[spring-aop-5.3.27.jar:5.3.27]
	at com.hmall.pay.service.impl.PayOrderServiceImpl$$EnhancerBySpringCGLIB$$e586933b.tryPayOrderByBalance(<generated>) ~[classes/:na]
	at com.hmall.pay.controller.PayController.tryPayOrderByBalance(PayController.java:37) ~[classes/:na]
	at java.base/jdk.internal.reflect.NativeMethodAccessorImpl.invoke0(Native Method) ~[na:na]
	at java.base/jdk.internal.reflect.NativeMethodAccessorImpl.invoke(NativeMethodAccessorImpl.java:77) ~[na:na]
	at java.base/jdk.internal.reflect.DelegatingMethodAccessorImpl.invoke(DelegatingMethodAccessorImpl.java:43) ~[na:na]
	at java.base/java.lang.reflect.Method.invoke(Method.java:569) ~[na:na]
	at org.springframework.web.method.support.InvocableHandlerMethod.doInvoke(InvocableHandlerMethod.java:205) ~[spring-web-5.3.27.jar:5.3.27]
	at org.springframework.web.method.support.InvocableHandlerMethod.invokeForRequest(InvocableHandlerMethod.java:150) ~[spring-web-5.3.27.jar:5.3.27]
	at org.springframework.web.servlet.mvc.method.annotation.ServletInvocableHandlerMethod.invokeAndHandle(ServletInvocableHandlerMethod.java:117) ~[spring-webmvc-5.3.27.jar:5.3.27]
	at org.springframework.web.servlet.mvc.method.annotation.RequestMappingHandlerAdapter.invokeHandlerMethod(RequestMappingHandlerAdapter.java:895) ~[spring-webmvc-5.3.27.jar:5.3.27]
	at org.springframework.web.servlet.mvc.method.annotation.RequestMappingHandlerAdapter.handleInternal(RequestMappingHandlerAdapter.java:808) ~[spring-webmvc-5.3.27.jar:5.3.27]
	at org.springframework.web.servlet.mvc.method.AbstractHandlerMethodAdapter.handle(AbstractHandlerMethodAdapter.java:87) ~[spring-webmvc-5.3.27.jar:5.3.27]
	at org.springframework.web.servlet.DispatcherServlet.doDispatch(DispatcherServlet.java:1072) ~[spring-webmvc-5.3.27.jar:5.3.27]
	at org.springframework.web.servlet.DispatcherServlet.doService(DispatcherServlet.java:965) ~[spring-webmvc-5.3.27.jar:5.3.27]
	at org.springframework.web.servlet.FrameworkServlet.processRequest(FrameworkServlet.java:1006) ~[spring-webmvc-5.3.27.jar:5.3.27]
	at org.springframework.web.servlet.FrameworkServlet.doPost(FrameworkServlet.java:909) ~[spring-webmvc-5.3.27.jar:5.3.27]
	at javax.servlet.http.HttpServlet.service(HttpServlet.java:555) ~[tomcat-embed-core-9.0.75.jar:4.0.FR]
	at org.springframework.web.servlet.FrameworkServlet.service(FrameworkServlet.java:883) ~[spring-webmvc-5.3.27.jar:5.3.27]
	at javax.servlet.http.HttpServlet.service(HttpServlet.java:623) ~[tomcat-embed-core-9.0.75.jar:4.0.FR]
	at org.apache.catalina.core.ApplicationFilterChain.internalDoFilter(ApplicationFilterChain.java:209) ~[tomcat-embed-core-9.0.75.jar:9.0.75]
	at org.apache.catalina.core.ApplicationFilterChain.doFilter(ApplicationFilterChain.java:153) ~[tomcat-embed-core-9.0.75.jar:9.0.75]
	at org.apache.tomcat.websocket.server.WsFilter.doFilter(WsFilter.java:51) ~[tomcat-embed-websocket-9.0.75.jar:9.0.75]
	at org.apache.catalina.core.ApplicationFilterChain.internalDoFilter(ApplicationFilterChain.java:178) ~[tomcat-embed-core-9.0.75.jar:9.0.75]
	at org.apache.catalina.core.ApplicationFilterChain.doFilter(ApplicationFilterChain.java:153) ~[tomcat-embed-core-9.0.75.jar:9.0.75]
	at org.springframework.web.filter.RequestContextFilter.doFilterInternal(RequestContextFilter.java:100) ~[spring-web-5.3.27.jar:5.3.27]
	at org.springframework.web.filter.OncePerRequestFilter.doFilter(OncePerRequestFilter.java:117) ~[spring-web-5.3.27.jar:5.3.27]
	at org.apache.catalina.core.ApplicationFilterChain.internalDoFilter(ApplicationFilterChain.java:178) ~[tomcat-embed-core-9.0.75.jar:9.0.75]
	at org.apache.catalina.core.ApplicationFilterChain.doFilter(ApplicationFilterChain.java:153) ~[tomcat-embed-core-9.0.75.jar:9.0.75]
	at org.springframework.web.filter.FormContentFilter.doFilterInternal(FormContentFilter.java:93) ~[spring-web-5.3.27.jar:5.3.27]
	at org.springframework.web.filter.OncePerRequestFilter.doFilter(OncePerRequestFilter.java:117) ~[spring-web-5.3.27.jar:5.3.27]
	at org.apache.catalina.core.ApplicationFilterChain.internalDoFilter(ApplicationFilterChain.java:178) ~[tomcat-embed-core-9.0.75.jar:9.0.75]
	at org.apache.catalina.core.ApplicationFilterChain.doFilter(ApplicationFilterChain.java:153) ~[tomcat-embed-core-9.0.75.jar:9.0.75]
	at org.springframework.web.filter.CharacterEncodingFilter.doFilterInternal(CharacterEncodingFilter.java:201) ~[spring-web-5.3.27.jar:5.3.27]
	at org.springframework.web.filter.OncePerRequestFilter.doFilter(OncePerRequestFilter.java:117) ~[spring-web-5.3.27.jar:5.3.27]
	at org.apache.catalina.core.ApplicationFilterChain.internalDoFilter(ApplicationFilterChain.java:178) ~[tomcat-embed-core-9.0.75.jar:9.0.75]
	at org.apache.catalina.core.ApplicationFilterChain.doFilter(ApplicationFilterChain.java:153) ~[tomcat-embed-core-9.0.75.jar:9.0.75]
	at org.apache.catalina.core.StandardWrapperValve.invoke(StandardWrapperValve.java:167) ~[tomcat-embed-core-9.0.75.jar:9.0.75]
	at org.apache.catalina.core.StandardContextValve.invoke(StandardContextValve.java:90) ~[tomcat-embed-core-9.0.75.jar:9.0.75]
	at org.apache.catalina.authenticator.AuthenticatorBase.invoke(AuthenticatorBase.java:481) ~[tomcat-embed-core-9.0.75.jar:9.0.75]
	at org.apache.catalina.core.StandardHostValve.invoke(StandardHostValve.java:130) ~[tomcat-embed-core-9.0.75.jar:9.0.75]
	at org.apache.catalina.valves.ErrorReportValve.invoke(ErrorReportValve.java:93) ~[tomcat-embed-core-9.0.75.jar:9.0.75]
	at org.apache.catalina.core.StandardEngineValve.invoke(StandardEngineValve.java:74) ~[tomcat-embed-core-9.0.75.jar:9.0.75]
	at org.apache.catalina.connector.CoyoteAdapter.service(CoyoteAdapter.java:343) ~[tomcat-embed-core-9.0.75.jar:9.0.75]
	at org.apache.coyote.http11.Http11Processor.service(Http11Processor.java:390) ~[tomcat-embed-core-9.0.75.jar:9.0.75]
	at org.apache.coyote.AbstractProcessorLight.process(AbstractProcessorLight.java:63) ~[tomcat-embed-core-9.0.75.jar:9.0.75]
	at org.apache.coyote.AbstractProtocol$ConnectionHandler.process(AbstractProtocol.java:926) ~[tomcat-embed-core-9.0.75.jar:9.0.75]
	at org.apache.tomcat.util.net.NioEndpoint$SocketProcessor.doRun(NioEndpoint.java:1791) ~[tomcat-embed-core-9.0.75.jar:9.0.75]
	at org.apache.tomcat.util.net.SocketProcessorBase.run(SocketProcessorBase.java:52) ~[tomcat-embed-core-9.0.75.jar:9.0.75]
	at org.apache.tomcat.util.threads.ThreadPoolExecutor.runWorker(ThreadPoolExecutor.java:1191) ~[tomcat-embed-core-9.0.75.jar:9.0.75]
	at org.apache.tomcat.util.threads.ThreadPoolExecutor$Worker.run(ThreadPoolExecutor.java:659) ~[tomcat-embed-core-9.0.75.jar:9.0.75]
	at org.apache.tomcat.util.threads.TaskThread$WrappingRunnable.run(TaskThread.java:61) ~[tomcat-embed-core-9.0.75.jar:9.0.75]
	at java.base/java.lang.Thread.run(Thread.java:840) ~[na:na]

17:38:40:387  INFO 30400 --- [nacos-grpc-client-executor-61] com.alibaba.nacos.common.remote.client   : [d82674cf-4555-4193-8666-d20d7a14e78b] Receive server push request, request = NotifySubscriberRequest, requestId = 10
17:38:40:387  INFO 30400 --- [nacos-grpc-client-executor-61] com.alibaba.nacos.common.remote.client   : [d82674cf-4555-4193-8666-d20d7a14e78b] Ack server push request, request = NotifySubscriberRequest, requestId = 10
17:39:57:855  WARN 30400 --- [Thread-7] c.a.n.common.http.HttpClientBeanHolder   : [HttpClientBeanHolder] Start destroying common HttpClient
17:39:57:855  WARN 30400 --- [Thread-4] c.a.nacos.common.notify.NotifyCenter     : [NotifyCenter] Start destroying Publisher
17:39:57:858  WARN 30400 --- [Thread-4] c.a.nacos.common.notify.NotifyCenter     : [NotifyCenter] Destruction of the end
17:39:57:861  WARN 30400 --- [Thread-7] c.a.n.common.http.HttpClientBeanHolder   : [HttpClientBeanHolder] Destruction of the end
17:39:57:938  INFO 30400 --- [SpringApplicationShutdownHook] c.a.c.n.registry.NacosServiceRegistry    : De-registering from Nacos Server now...
17:39:57:948  INFO 30400 --- [SpringApplicationShutdownHook] c.a.c.n.registry.NacosServiceRegistry    : De-registration finished.
17:39:58:279  INFO 30400 --- [SpringApplicationShutdownHook] com.alibaba.nacos.common.remote.client   : Shutdown rpc client, set status to shutdown
17:39:58:279  INFO 30400 --- [SpringApplicationShutdownHook] com.alibaba.nacos.common.remote.client   : Shutdown client event executor java.util.concurrent.ScheduledThreadPoolExecutor@715bb18a[Running, pool size = 2, active threads = 2, queued tasks = 0, completed tasks = 0]
17:39:58:280  INFO 30400 --- [SpringApplicationShutdownHook] com.alibaba.nacos.common.remote.client   : Close current connection 1779701695073_192.168.12.1_13219
17:39:58:282  INFO 30400 --- [nacos-grpc-client-executor-82] c.a.n.c.remote.client.grpc.GrpcClient    : [1779701695073_192.168.12.1_13219]Ignore complete event,isRunning:false,isAbandon=false
17:39:58:293  INFO 30400 --- [SpringApplicationShutdownHook] c.a.n.c.remote.client.grpc.GrpcClient    : Shutdown grpc executor java.util.concurrent.ThreadPoolExecutor@60c99c02[Running, pool size = 6, active threads = 0, queued tasks = 0, completed tasks = 83]
17:39:58:298  INFO 30400 --- [SpringApplicationShutdownHook] com.zaxxer.hikari.HikariDataSource       : HikariPool-1 - Shutdown initiated...
17:39:58:316  INFO 30400 --- [SpringApplicationShutdownHook] com.zaxxer.hikari.HikariDataSource       : HikariPool-1 - Shutdown completed.
17:40:04:296  INFO 868 --- [main] com.hmall.pay.PayApplication             : Starting PayApplication using Java 17.0.18 on LAPTOP-TAHSHQGJ with PID 868 (D:\shuangti\woekspace147\microService147\hmall\pay-service\target\classes started by guorenhao in D:\shuangti\woekspace147\microService147)
17:40:04:299 DEBUG 868 --- [main] com.hmall.pay.PayApplication             : Running with Spring Boot v2.7.12, Spring v5.3.27
17:40:04:300  INFO 868 --- [main] com.hmall.pay.PayApplication             : The following 1 profile is active: "dev"
17:40:05:799  INFO 868 --- [main] o.s.cloud.context.scope.GenericScope     : BeanFactory id=a2fb5caa-c240-3302-b863-81079c3383fb
17:40:06:705  INFO 868 --- [main] o.s.b.w.embedded.tomcat.TomcatWebServer  : Tomcat initialized with port(s): 8085 (http)
17:40:06:721  INFO 868 --- [main] o.apache.catalina.core.StandardService   : Starting service [Tomcat]
17:40:06:722  INFO 868 --- [main] org.apache.catalina.core.StandardEngine  : Starting Servlet engine: [Apache Tomcat/9.0.75]
17:40:07:011  INFO 868 --- [main] o.a.c.c.C.[Tomcat].[localhost].[/]       : Initializing Spring embedded WebApplicationContext
17:40:07:012  INFO 868 --- [main] w.s.c.ServletWebServerApplicationContext : Root WebApplicationContext: initialization completed in 2652 ms
17:40:07:291  INFO 868 --- [main] o.s.c.openfeign.FeignClientFactoryBean   : For 'user-service' URL not provided. Will try picking an instance via load-balancing.
17:40:07:373  INFO 868 --- [main] o.s.c.openfeign.FeignClientFactoryBean   : For 'trade-service' URL not provided. Will try picking an instance via load-balancing.
17:40:08:615  INFO 868 --- [main] pertySourcedRequestMappingHandlerMapping : Mapped URL path [/v2/api-docs] onto method [springfox.documentation.swagger2.web.Swagger2ControllerWebMvc#getDocumentation(String, HttpServletRequest)]
17:40:09:290  INFO 868 --- [main] com.alibaba.nacos.common.remote.client   : [RpcClientFactory] create a new rpc client of 984768a0-13fd-4dc2-aca2-906658449215
17:40:09:404  INFO 868 --- [main] org.reflections.Reflections              : Reflections took 49 ms to scan 1 urls, producing 3 keys and 6 values 
17:40:09:445  INFO 868 --- [main] org.reflections.Reflections              : Reflections took 11 ms to scan 1 urls, producing 4 keys and 9 values 
17:40:09:458  INFO 868 --- [main] org.reflections.Reflections              : Reflections took 7 ms to scan 1 urls, producing 3 keys and 10 values 
17:40:09:462  WARN 868 --- [main] org.reflections.Reflections              : given scan urls are empty. set urls in the configuration
17:40:09:472  INFO 868 --- [main] org.reflections.Reflections              : Reflections took 8 ms to scan 1 urls, producing 1 keys and 5 values 
17:40:09:484  INFO 868 --- [main] org.reflections.Reflections              : Reflections took 7 ms to scan 1 urls, producing 1 keys and 7 values 
17:40:09:495  INFO 868 --- [main] org.reflections.Reflections              : Reflections took 7 ms to scan 1 urls, producing 2 keys and 8 values 
17:40:09:501  WARN 868 --- [main] org.reflections.Reflections              : given scan urls are empty. set urls in the configuration
17:40:09:503  INFO 868 --- [main] com.alibaba.nacos.common.remote.client   : [984768a0-13fd-4dc2-aca2-906658449215] RpcClient init label, labels = {module=naming, source=sdk}
17:40:09:506  INFO 868 --- [main] com.alibaba.nacos.common.remote.client   : [984768a0-13fd-4dc2-aca2-906658449215] RpcClient init, ServerListFactory = com.alibaba.nacos.client.naming.core.ServerListManager
17:40:09:506  INFO 868 --- [main] com.alibaba.nacos.common.remote.client   : [984768a0-13fd-4dc2-aca2-906658449215] Registry connection listener to current client:com.alibaba.nacos.client.naming.remote.gprc.redo.NamingGrpcRedoService
17:40:09:507  INFO 868 --- [main] com.alibaba.nacos.common.remote.client   : [984768a0-13fd-4dc2-aca2-906658449215] Register server push request handler:com.alibaba.nacos.client.naming.remote.gprc.NamingPushRequestHandler
17:40:09:510  INFO 868 --- [main] com.alibaba.nacos.common.remote.client   : [984768a0-13fd-4dc2-aca2-906658449215] Try to connect to server on start up, server: {serverIp = '192.168.12.6', server main port = 8848}
17:40:11:155  INFO 868 --- [main] com.alibaba.nacos.common.remote.client   : [984768a0-13fd-4dc2-aca2-906658449215] Success to connect to server [192.168.12.6:8848] on start up, connectionId = 1779702007784_192.168.12.1_5592
17:40:11:156  INFO 868 --- [com.alibaba.nacos.client.remote.worker] com.alibaba.nacos.common.remote.client   : [984768a0-13fd-4dc2-aca2-906658449215] Notify connected event to listeners.
17:40:11:156  INFO 868 --- [main] com.alibaba.nacos.common.remote.client   : [984768a0-13fd-4dc2-aca2-906658449215] Register server push request handler:com.alibaba.nacos.common.remote.client.RpcClient$ConnectResetRequestHandler
17:40:11:157  INFO 868 --- [main] com.alibaba.nacos.common.remote.client   : [984768a0-13fd-4dc2-aca2-906658449215] Register server push request handler:com.alibaba.nacos.common.remote.client.RpcClient$$Lambda$994/0x000000001c7cc6b8
17:40:11:218  INFO 868 --- [main] o.s.b.w.embedded.tomcat.TomcatWebServer  : Tomcat started on port(s): 8085 (http) with context path ''
17:40:11:229  INFO 868 --- [main] c.a.c.n.registry.NacosServiceRegistry    : nacos registry, DEFAULT_GROUP pay-service 10.40.16.98:8085 register finished
17:40:11:473  INFO 868 --- [main] d.s.w.p.DocumentationPluginsBootstrapper : Documentation plugins bootstrapped
17:40:11:476  INFO 868 --- [main] d.s.w.p.DocumentationPluginsBootstrapper : Found 1 custom documentation plugin(s)
17:40:11:500  INFO 868 --- [main] s.d.s.w.s.ApiListingReferenceScanner     : Scanning for api listing references
17:40:11:599  INFO 868 --- [main] com.hmall.pay.PayApplication             : Started PayApplication in 8.491 seconds (JVM running for 9.501)
17:40:11:742  INFO 868 --- [nacos-grpc-client-executor-9] com.alibaba.nacos.common.remote.client   : [984768a0-13fd-4dc2-aca2-906658449215] Receive server push request, request = NotifySubscriberRequest, requestId = 11
17:40:11:745  INFO 868 --- [nacos-grpc-client-executor-9] com.alibaba.nacos.common.remote.client   : [984768a0-13fd-4dc2-aca2-906658449215] Ack server push request, request = NotifySubscriberRequest, requestId = 11
17:40:40:825  INFO 868 --- [http-nio-8085-exec-2] o.a.c.c.C.[Tomcat].[localhost].[/]       : Initializing Spring DispatcherServlet 'dispatcherServlet'
17:40:40:826  INFO 868 --- [http-nio-8085-exec-2] o.s.web.servlet.DispatcherServlet        : Initializing Servlet 'dispatcherServlet'
17:40:40:829  INFO 868 --- [http-nio-8085-exec-2] o.s.web.servlet.DispatcherServlet        : Completed initialization in 3 ms
17:40:40:901  INFO 868 --- [http-nio-8085-exec-2] com.zaxxer.hikari.HikariDataSource       : HikariPool-1 - Starting...
17:40:41:123  INFO 868 --- [http-nio-8085-exec-2] com.zaxxer.hikari.HikariDataSource       : HikariPool-1 - Start completed.
17:40:41:175 DEBUG 868 --- [http-nio-8085-exec-2] c.h.p.mapper.PayOrderMapper.selectById   : ==>  Preparing: SELECT id,biz_order_no,pay_order_no,biz_user_id,pay_channel_code,amount,pay_type,status,expand_json,result_code,result_msg,pay_success_time,pay_over_time,qr_code_url,create_time,update_time,creater,updater,is_delete FROM pay_order WHERE id=?
17:40:41:204 DEBUG 868 --- [http-nio-8085-exec-2] c.h.p.mapper.PayOrderMapper.selectById   : ==> Parameters: 1659160218174607363(Long)
17:40:41:244 DEBUG 868 --- [http-nio-8085-exec-2] c.h.p.mapper.PayOrderMapper.selectById   : <==      Total: 1
17:40:41:871  INFO 868 --- [nacos-grpc-client-executor-18] com.alibaba.nacos.common.remote.client   : [984768a0-13fd-4dc2-aca2-906658449215] Receive server push request, request = NotifySubscriberRequest, requestId = 12
17:40:41:871  INFO 868 --- [nacos-grpc-client-executor-18] com.alibaba.nacos.common.remote.client   : [984768a0-13fd-4dc2-aca2-906658449215] Ack server push request, request = NotifySubscriberRequest, requestId = 12
17:40:42:133 ERROR 868 --- [http-nio-8085-exec-2] o.a.c.c.C.[.[.[/].[dispatcherServlet]    : Servlet.service() for servlet [dispatcherServlet] in context with path [] threw exception [Request processing failed; nested exception is feign.FeignException$InternalServerError: [500] during [PUT] to [http://user-service/users/money/deduct?pw=123&amount=156000] [UserClient#deductMoney(String,Integer)]: [{"timestamp":"2026-05-25T09:40:42.104+00:00","status":500,"error":"Internal Server Error","path":"/users/money/deduct"}]] with root cause

feign.FeignException$InternalServerError: [500] during [PUT] to [http://user-service/users/money/deduct?pw=123&amount=156000] [UserClient#deductMoney(String,Integer)]: [{"timestamp":"2026-05-25T09:40:42.104+00:00","status":500,"error":"Internal Server Error","path":"/users/money/deduct"}]
	at feign.FeignException.serverErrorStatus(FeignException.java:250) ~[feign-core-11.8.jar:na]
	at feign.FeignException.errorStatus(FeignException.java:197) ~[feign-core-11.8.jar:na]
	at feign.FeignException.errorStatus(FeignException.java:185) ~[feign-core-11.8.jar:na]
	at feign.codec.ErrorDecoder$Default.decode(ErrorDecoder.java:92) ~[feign-core-11.8.jar:na]
	at feign.AsyncResponseHandler.handleResponse(AsyncResponseHandler.java:96) ~[feign-core-11.8.jar:na]
	at feign.SynchronousMethodHandler.executeAndDecode(SynchronousMethodHandler.java:138) ~[feign-core-11.8.jar:na]
	at feign.SynchronousMethodHandler.invoke(SynchronousMethodHandler.java:89) ~[feign-core-11.8.jar:na]
	at feign.ReflectiveFeign$FeignInvocationHandler.invoke(ReflectiveFeign.java:100) ~[feign-core-11.8.jar:na]
	at jdk.proxy2/jdk.proxy2.$Proxy102.deductMoney(Unknown Source) ~[na:na]
	at com.hmall.pay.service.impl.PayOrderServiceImpl.tryPayOrderByBalance(PayOrderServiceImpl.java:58) ~[classes/:na]
	at com.hmall.pay.service.impl.PayOrderServiceImpl$$FastClassBySpringCGLIB$$b2062e7f.invoke(<generated>) ~[classes/:na]
	at org.springframework.cglib.proxy.MethodProxy.invoke(MethodProxy.java:218) ~[spring-core-5.3.27.jar:5.3.27]
	at org.springframework.aop.framework.CglibAopProxy$CglibMethodInvocation.invokeJoinpoint(CglibAopProxy.java:793) ~[spring-aop-5.3.27.jar:5.3.27]
	at org.springframework.aop.framework.ReflectiveMethodInvocation.proceed(ReflectiveMethodInvocation.java:163) ~[spring-aop-5.3.27.jar:5.3.27]
	at org.springframework.aop.framework.CglibAopProxy$CglibMethodInvocation.proceed(CglibAopProxy.java:763) ~[spring-aop-5.3.27.jar:5.3.27]
	at org.springframework.transaction.interceptor.TransactionInterceptor$1.proceedWithInvocation(TransactionInterceptor.java:123) ~[spring-tx-5.3.27.jar:5.3.27]
	at org.springframework.transaction.interceptor.TransactionAspectSupport.invokeWithinTransaction(TransactionAspectSupport.java:388) ~[spring-tx-5.3.27.jar:5.3.27]
	at org.springframework.transaction.interceptor.TransactionInterceptor.invoke(TransactionInterceptor.java:119) ~[spring-tx-5.3.27.jar:5.3.27]
	at org.springframework.aop.framework.ReflectiveMethodInvocation.proceed(ReflectiveMethodInvocation.java:186) ~[spring-aop-5.3.27.jar:5.3.27]
	at org.springframework.aop.framework.CglibAopProxy$CglibMethodInvocation.proceed(CglibAopProxy.java:763) ~[spring-aop-5.3.27.jar:5.3.27]
	at org.springframework.aop.framework.CglibAopProxy$DynamicAdvisedInterceptor.intercept(CglibAopProxy.java:708) ~[spring-aop-5.3.27.jar:5.3.27]
	at com.hmall.pay.service.impl.PayOrderServiceImpl$$EnhancerBySpringCGLIB$$dcf7adf1.tryPayOrderByBalance(<generated>) ~[classes/:na]
	at com.hmall.pay.controller.PayController.tryPayOrderByBalance(PayController.java:37) ~[classes/:na]
	at java.base/jdk.internal.reflect.NativeMethodAccessorImpl.invoke0(Native Method) ~[na:na]
	at java.base/jdk.internal.reflect.NativeMethodAccessorImpl.invoke(NativeMethodAccessorImpl.java:77) ~[na:na]
	at java.base/jdk.internal.reflect.DelegatingMethodAccessorImpl.invoke(DelegatingMethodAccessorImpl.java:43) ~[na:na]
	at java.base/java.lang.reflect.Method.invoke(Method.java:569) ~[na:na]
	at org.springframework.web.method.support.InvocableHandlerMethod.doInvoke(InvocableHandlerMethod.java:205) ~[spring-web-5.3.27.jar:5.3.27]
	at org.springframework.web.method.support.InvocableHandlerMethod.invokeForRequest(InvocableHandlerMethod.java:150) ~[spring-web-5.3.27.jar:5.3.27]
	at org.springframework.web.servlet.mvc.method.annotation.ServletInvocableHandlerMethod.invokeAndHandle(ServletInvocableHandlerMethod.java:117) ~[spring-webmvc-5.3.27.jar:5.3.27]
	at org.springframework.web.servlet.mvc.method.annotation.RequestMappingHandlerAdapter.invokeHandlerMethod(RequestMappingHandlerAdapter.java:895) ~[spring-webmvc-5.3.27.jar:5.3.27]
	at org.springframework.web.servlet.mvc.method.annotation.RequestMappingHandlerAdapter.handleInternal(RequestMappingHandlerAdapter.java:808) ~[spring-webmvc-5.3.27.jar:5.3.27]
	at org.springframework.web.servlet.mvc.method.AbstractHandlerMethodAdapter.handle(AbstractHandlerMethodAdapter.java:87) ~[spring-webmvc-5.3.27.jar:5.3.27]
	at org.springframework.web.servlet.DispatcherServlet.doDispatch(DispatcherServlet.java:1072) ~[spring-webmvc-5.3.27.jar:5.3.27]
	at org.springframework.web.servlet.DispatcherServlet.doService(DispatcherServlet.java:965) ~[spring-webmvc-5.3.27.jar:5.3.27]
	at org.springframework.web.servlet.FrameworkServlet.processRequest(FrameworkServlet.java:1006) ~[spring-webmvc-5.3.27.jar:5.3.27]
	at org.springframework.web.servlet.FrameworkServlet.doPost(FrameworkServlet.java:909) ~[spring-webmvc-5.3.27.jar:5.3.27]
	at javax.servlet.http.HttpServlet.service(HttpServlet.java:555) ~[tomcat-embed-core-9.0.75.jar:4.0.FR]
	at org.springframework.web.servlet.FrameworkServlet.service(FrameworkServlet.java:883) ~[spring-webmvc-5.3.27.jar:5.3.27]
	at javax.servlet.http.HttpServlet.service(HttpServlet.java:623) ~[tomcat-embed-core-9.0.75.jar:4.0.FR]
	at org.apache.catalina.core.ApplicationFilterChain.internalDoFilter(ApplicationFilterChain.java:209) ~[tomcat-embed-core-9.0.75.jar:9.0.75]
	at org.apache.catalina.core.ApplicationFilterChain.doFilter(ApplicationFilterChain.java:153) ~[tomcat-embed-core-9.0.75.jar:9.0.75]
	at org.apache.tomcat.websocket.server.WsFilter.doFilter(WsFilter.java:51) ~[tomcat-embed-websocket-9.0.75.jar:9.0.75]
	at org.apache.catalina.core.ApplicationFilterChain.internalDoFilter(ApplicationFilterChain.java:178) ~[tomcat-embed-core-9.0.75.jar:9.0.75]
	at org.apache.catalina.core.ApplicationFilterChain.doFilter(ApplicationFilterChain.java:153) ~[tomcat-embed-core-9.0.75.jar:9.0.75]
	at org.springframework.web.filter.RequestContextFilter.doFilterInternal(RequestContextFilter.java:100) ~[spring-web-5.3.27.jar:5.3.27]
	at org.springframework.web.filter.OncePerRequestFilter.doFilter(OncePerRequestFilter.java:117) ~[spring-web-5.3.27.jar:5.3.27]
	at org.apache.catalina.core.ApplicationFilterChain.internalDoFilter(ApplicationFilterChain.java:178) ~[tomcat-embed-core-9.0.75.jar:9.0.75]
	at org.apache.catalina.core.ApplicationFilterChain.doFilter(ApplicationFilterChain.java:153) ~[tomcat-embed-core-9.0.75.jar:9.0.75]
	at org.springframework.web.filter.FormContentFilter.doFilterInternal(FormContentFilter.java:93) ~[spring-web-5.3.27.jar:5.3.27]
	at org.springframework.web.filter.OncePerRequestFilter.doFilter(OncePerRequestFilter.java:117) ~[spring-web-5.3.27.jar:5.3.27]
	at org.apache.catalina.core.ApplicationFilterChain.internalDoFilter(ApplicationFilterChain.java:178) ~[tomcat-embed-core-9.0.75.jar:9.0.75]
	at org.apache.catalina.core.ApplicationFilterChain.doFilter(ApplicationFilterChain.java:153) ~[tomcat-embed-core-9.0.75.jar:9.0.75]
	at org.springframework.web.filter.CharacterEncodingFilter.doFilterInternal(CharacterEncodingFilter.java:201) ~[spring-web-5.3.27.jar:5.3.27]
	at org.springframework.web.filter.OncePerRequestFilter.doFilter(OncePerRequestFilter.java:117) ~[spring-web-5.3.27.jar:5.3.27]
	at org.apache.catalina.core.ApplicationFilterChain.internalDoFilter(ApplicationFilterChain.java:178) ~[tomcat-embed-core-9.0.75.jar:9.0.75]
	at org.apache.catalina.core.ApplicationFilterChain.doFilter(ApplicationFilterChain.java:153) ~[tomcat-embed-core-9.0.75.jar:9.0.75]
	at org.apache.catalina.core.StandardWrapperValve.invoke(StandardWrapperValve.java:167) ~[tomcat-embed-core-9.0.75.jar:9.0.75]
	at org.apache.catalina.core.StandardContextValve.invoke(StandardContextValve.java:90) ~[tomcat-embed-core-9.0.75.jar:9.0.75]
	at org.apache.catalina.authenticator.AuthenticatorBase.invoke(AuthenticatorBase.java:481) ~[tomcat-embed-core-9.0.75.jar:9.0.75]
	at org.apache.catalina.core.StandardHostValve.invoke(StandardHostValve.java:130) ~[tomcat-embed-core-9.0.75.jar:9.0.75]
	at org.apache.catalina.valves.ErrorReportValve.invoke(ErrorReportValve.java:93) ~[tomcat-embed-core-9.0.75.jar:9.0.75]
	at org.apache.catalina.core.StandardEngineValve.invoke(StandardEngineValve.java:74) ~[tomcat-embed-core-9.0.75.jar:9.0.75]
	at org.apache.catalina.connector.CoyoteAdapter.service(CoyoteAdapter.java:343) ~[tomcat-embed-core-9.0.75.jar:9.0.75]
	at org.apache.coyote.http11.Http11Processor.service(Http11Processor.java:390) ~[tomcat-embed-core-9.0.75.jar:9.0.75]
	at org.apache.coyote.AbstractProcessorLight.process(AbstractProcessorLight.java:63) ~[tomcat-embed-core-9.0.75.jar:9.0.75]
	at org.apache.coyote.AbstractProtocol$ConnectionHandler.process(AbstractProtocol.java:926) ~[tomcat-embed-core-9.0.75.jar:9.0.75]
	at org.apache.tomcat.util.net.NioEndpoint$SocketProcessor.doRun(NioEndpoint.java:1791) ~[tomcat-embed-core-9.0.75.jar:9.0.75]
	at org.apache.tomcat.util.net.SocketProcessorBase.run(SocketProcessorBase.java:52) ~[tomcat-embed-core-9.0.75.jar:9.0.75]
	at org.apache.tomcat.util.threads.ThreadPoolExecutor.runWorker(ThreadPoolExecutor.java:1191) ~[tomcat-embed-core-9.0.75.jar:9.0.75]
	at org.apache.tomcat.util.threads.ThreadPoolExecutor$Worker.run(ThreadPoolExecutor.java:659) ~[tomcat-embed-core-9.0.75.jar:9.0.75]
	at org.apache.tomcat.util.threads.TaskThread$WrappingRunnable.run(TaskThread.java:61) ~[tomcat-embed-core-9.0.75.jar:9.0.75]
	at java.base/java.lang.Thread.run(Thread.java:840) ~[na:na]

17:42:39:030  INFO 868 --- [nacos-grpc-client-executor-45] com.alibaba.nacos.common.remote.client   : [984768a0-13fd-4dc2-aca2-906658449215] Receive server push request, request = NotifySubscriberRequest, requestId = 13
17:42:39:039  INFO 868 --- [nacos-grpc-client-executor-45] com.alibaba.nacos.common.remote.client   : [984768a0-13fd-4dc2-aca2-906658449215] Ack server push request, request = NotifySubscriberRequest, requestId = 13
17:42:40:338  WARN 868 --- [Thread-4] c.a.nacos.common.notify.NotifyCenter     : [NotifyCenter] Start destroying Publisher
17:42:40:339  WARN 868 --- [Thread-7] c.a.n.common.http.HttpClientBeanHolder   : [HttpClientBeanHolder] Start destroying common HttpClient
17:42:40:340  WARN 868 --- [Thread-4] c.a.nacos.common.notify.NotifyCenter     : [NotifyCenter] Destruction of the end
17:42:40:342  WARN 868 --- [Thread-7] c.a.n.common.http.HttpClientBeanHolder   : [HttpClientBeanHolder] Destruction of the end
17:42:40:418  INFO 868 --- [SpringApplicationShutdownHook] c.a.c.n.registry.NacosServiceRegistry    : De-registering from Nacos Server now...
17:42:40:424  INFO 868 --- [SpringApplicationShutdownHook] c.a.c.n.registry.NacosServiceRegistry    : De-registration finished.
17:42:40:757  INFO 868 --- [SpringApplicationShutdownHook] com.alibaba.nacos.common.remote.client   : Shutdown rpc client, set status to shutdown
17:42:40:757  INFO 868 --- [SpringApplicationShutdownHook] com.alibaba.nacos.common.remote.client   : Shutdown client event executor java.util.concurrent.ScheduledThreadPoolExecutor@34a54a52[Running, pool size = 2, active threads = 2, queued tasks = 0, completed tasks = 0]
17:42:40:757  INFO 868 --- [SpringApplicationShutdownHook] com.alibaba.nacos.common.remote.client   : Close current connection 1779702007784_192.168.12.1_5592
17:42:40:760  INFO 868 --- [nacos-grpc-client-executor-48] c.a.n.c.remote.client.grpc.GrpcClient    : [1779702007784_192.168.12.1_5592]Ignore complete event,isRunning:false,isAbandon=false
17:42:40:769  INFO 868 --- [SpringApplicationShutdownHook] c.a.n.c.remote.client.grpc.GrpcClient    : Shutdown grpc executor java.util.concurrent.ThreadPoolExecutor@591890[Running, pool size = 5, active threads = 0, queued tasks = 0, completed tasks = 49]
17:42:40:775  INFO 868 --- [SpringApplicationShutdownHook] com.zaxxer.hikari.HikariDataSource       : HikariPool-1 - Shutdown initiated...
17:42:40:787  INFO 868 --- [SpringApplicationShutdownHook] com.zaxxer.hikari.HikariDataSource       : HikariPool-1 - Shutdown completed.
17:42:50:866  INFO 29892 --- [main] com.hmall.pay.PayApplication             : Starting PayApplication using Java 17.0.18 on LAPTOP-TAHSHQGJ with PID 29892 (D:\shuangti\woekspace147\microService147\hmall\pay-service\target\classes started by guorenhao in D:\shuangti\woekspace147\microService147)
17:42:50:868 DEBUG 29892 --- [main] com.hmall.pay.PayApplication             : Running with Spring Boot v2.7.12, Spring v5.3.27
17:42:50:869  INFO 29892 --- [main] com.hmall.pay.PayApplication             : The following 1 profile is active: "dev"
17:42:52:397  INFO 29892 --- [main] o.s.cloud.context.scope.GenericScope     : BeanFactory id=a2fb5caa-c240-3302-b863-81079c3383fb
17:42:53:102  INFO 29892 --- [main] o.s.b.w.embedded.tomcat.TomcatWebServer  : Tomcat initialized with port(s): 8085 (http)
17:42:53:116  INFO 29892 --- [main] o.apache.catalina.core.StandardService   : Starting service [Tomcat]
17:42:53:117  INFO 29892 --- [main] org.apache.catalina.core.StandardEngine  : Starting Servlet engine: [Apache Tomcat/9.0.75]
17:42:53:367  INFO 29892 --- [main] o.a.c.c.C.[Tomcat].[localhost].[/]       : Initializing Spring embedded WebApplicationContext
17:42:53:367  INFO 29892 --- [main] w.s.c.ServletWebServerApplicationContext : Root WebApplicationContext: initialization completed in 2429 ms
17:42:53:668  INFO 29892 --- [main] o.s.c.openfeign.FeignClientFactoryBean   : For 'user-service' URL not provided. Will try picking an instance via load-balancing.
17:42:53:740  INFO 29892 --- [main] o.s.c.openfeign.FeignClientFactoryBean   : For 'trade-service' URL not provided. Will try picking an instance via load-balancing.
17:42:55:011  INFO 29892 --- [main] pertySourcedRequestMappingHandlerMapping : Mapped URL path [/v2/api-docs] onto method [springfox.documentation.swagger2.web.Swagger2ControllerWebMvc#getDocumentation(String, HttpServletRequest)]
17:42:55:697  INFO 29892 --- [main] com.alibaba.nacos.common.remote.client   : [RpcClientFactory] create a new rpc client of 87649ba0-4a55-4468-9bf1-dc4609e72781
17:42:55:795  INFO 29892 --- [main] org.reflections.Reflections              : Reflections took 42 ms to scan 1 urls, producing 3 keys and 6 values 
17:42:55:829  INFO 29892 --- [main] org.reflections.Reflections              : Reflections took 10 ms to scan 1 urls, producing 4 keys and 9 values 
17:42:55:845  INFO 29892 --- [main] org.reflections.Reflections              : Reflections took 10 ms to scan 1 urls, producing 3 keys and 10 values 
17:42:55:847  WARN 29892 --- [main] org.reflections.Reflections              : given scan urls are empty. set urls in the configuration
17:42:55:855  INFO 29892 --- [main] org.reflections.Reflections              : Reflections took 6 ms to scan 1 urls, producing 1 keys and 5 values 
17:42:55:865  INFO 29892 --- [main] org.reflections.Reflections              : Reflections took 7 ms to scan 1 urls, producing 1 keys and 7 values 
17:42:55:877  INFO 29892 --- [main] org.reflections.Reflections              : Reflections took 7 ms to scan 1 urls, producing 2 keys and 8 values 
17:42:55:882  WARN 29892 --- [main] org.reflections.Reflections              : given scan urls are empty. set urls in the configuration
17:42:55:883  INFO 29892 --- [main] com.alibaba.nacos.common.remote.client   : [87649ba0-4a55-4468-9bf1-dc4609e72781] RpcClient init label, labels = {module=naming, source=sdk}
17:42:55:886  INFO 29892 --- [main] com.alibaba.nacos.common.remote.client   : [87649ba0-4a55-4468-9bf1-dc4609e72781] RpcClient init, ServerListFactory = com.alibaba.nacos.client.naming.core.ServerListManager
17:42:55:887  INFO 29892 --- [main] com.alibaba.nacos.common.remote.client   : [87649ba0-4a55-4468-9bf1-dc4609e72781] Registry connection listener to current client:com.alibaba.nacos.client.naming.remote.gprc.redo.NamingGrpcRedoService
17:42:55:888  INFO 29892 --- [main] com.alibaba.nacos.common.remote.client   : [87649ba0-4a55-4468-9bf1-dc4609e72781] Register server push request handler:com.alibaba.nacos.client.naming.remote.gprc.NamingPushRequestHandler
17:42:55:891  INFO 29892 --- [main] com.alibaba.nacos.common.remote.client   : [87649ba0-4a55-4468-9bf1-dc4609e72781] Try to connect to server on start up, server: {serverIp = '192.168.12.6', server main port = 8848}
17:42:57:470  INFO 29892 --- [main] com.alibaba.nacos.common.remote.client   : [87649ba0-4a55-4468-9bf1-dc4609e72781] Success to connect to server [192.168.12.6:8848] on start up, connectionId = 1779702174092_192.168.12.1_6075
17:42:57:472  INFO 29892 --- [com.alibaba.nacos.client.remote.worker] com.alibaba.nacos.common.remote.client   : [87649ba0-4a55-4468-9bf1-dc4609e72781] Notify connected event to listeners.
17:42:57:472  INFO 29892 --- [main] com.alibaba.nacos.common.remote.client   : [87649ba0-4a55-4468-9bf1-dc4609e72781] Register server push request handler:com.alibaba.nacos.common.remote.client.RpcClient$ConnectResetRequestHandler
17:42:57:473  INFO 29892 --- [main] com.alibaba.nacos.common.remote.client   : [87649ba0-4a55-4468-9bf1-dc4609e72781] Register server push request handler:com.alibaba.nacos.common.remote.client.RpcClient$$Lambda$994/0x000000001c7ca9a0
17:42:57:547  INFO 29892 --- [main] o.s.b.w.embedded.tomcat.TomcatWebServer  : Tomcat started on port(s): 8085 (http) with context path ''
17:42:57:557  INFO 29892 --- [main] c.a.c.n.registry.NacosServiceRegistry    : nacos registry, DEFAULT_GROUP pay-service 10.40.16.98:8085 register finished
17:42:57:830  INFO 29892 --- [main] d.s.w.p.DocumentationPluginsBootstrapper : Documentation plugins bootstrapped
17:42:57:833  INFO 29892 --- [main] d.s.w.p.DocumentationPluginsBootstrapper : Found 1 custom documentation plugin(s)
17:42:57:860  INFO 29892 --- [main] s.d.s.w.s.ApiListingReferenceScanner     : Scanning for api listing references
17:42:57:959  INFO 29892 --- [main] com.hmall.pay.PayApplication             : Started PayApplication in 8.286 seconds (JVM running for 9.516)
17:42:58:027  INFO 29892 --- [nacos-grpc-client-executor-10] com.alibaba.nacos.common.remote.client   : [87649ba0-4a55-4468-9bf1-dc4609e72781] Receive server push request, request = NotifySubscriberRequest, requestId = 15
17:42:58:030  INFO 29892 --- [nacos-grpc-client-executor-10] com.alibaba.nacos.common.remote.client   : [87649ba0-4a55-4468-9bf1-dc4609e72781] Ack server push request, request = NotifySubscriberRequest, requestId = 15
17:43:17:977  INFO 29892 --- [http-nio-8085-exec-1] o.a.c.c.C.[Tomcat].[localhost].[/]       : Initializing Spring DispatcherServlet 'dispatcherServlet'
17:43:17:978  INFO 29892 --- [http-nio-8085-exec-1] o.s.web.servlet.DispatcherServlet        : Initializing Servlet 'dispatcherServlet'
17:43:17:980  INFO 29892 --- [http-nio-8085-exec-1] o.s.web.servlet.DispatcherServlet        : Completed initialization in 2 ms
17:43:18:058  INFO 29892 --- [http-nio-8085-exec-1] com.zaxxer.hikari.HikariDataSource       : HikariPool-1 - Starting...
17:43:18:268  INFO 29892 --- [http-nio-8085-exec-1] com.zaxxer.hikari.HikariDataSource       : HikariPool-1 - Start completed.
17:43:18:320 DEBUG 29892 --- [http-nio-8085-exec-1] c.h.p.mapper.PayOrderMapper.selectById   : ==>  Preparing: SELECT id,biz_order_no,pay_order_no,biz_user_id,pay_channel_code,amount,pay_type,status,expand_json,result_code,result_msg,pay_success_time,pay_over_time,qr_code_url,create_time,update_time,creater,updater,is_delete FROM pay_order WHERE id=?
17:43:18:350 DEBUG 29892 --- [http-nio-8085-exec-1] c.h.p.mapper.PayOrderMapper.selectById   : ==> Parameters: 1659160218174607363(Long)
17:43:18:390 DEBUG 29892 --- [http-nio-8085-exec-1] c.h.p.mapper.PayOrderMapper.selectById   : <==      Total: 1
17:43:19:017  INFO 29892 --- [nacos-grpc-client-executor-16] com.alibaba.nacos.common.remote.client   : [87649ba0-4a55-4468-9bf1-dc4609e72781] Receive server push request, request = NotifySubscriberRequest, requestId = 16
17:43:19:018  INFO 29892 --- [nacos-grpc-client-executor-16] com.alibaba.nacos.common.remote.client   : [87649ba0-4a55-4468-9bf1-dc4609e72781] Ack server push request, request = NotifySubscriberRequest, requestId = 16
17:43:19:191 ERROR 29892 --- [http-nio-8085-exec-1] o.a.c.c.C.[.[.[/].[dispatcherServlet]    : Servlet.service() for servlet [dispatcherServlet] in context with path [] threw exception [Request processing failed; nested exception is feign.FeignException$InternalServerError: [500] during [PUT] to [http://user-service/users/money/deduct?pw=123&amount=156000] [UserClient#deductMoney(String,Integer)]: [{"timestamp":"2026-05-25T09:43:19.133+00:00","status":500,"error":"Internal Server Error","path":"/users/money/deduct"}]] with root cause

feign.FeignException$InternalServerError: [500] during [PUT] to [http://user-service/users/money/deduct?pw=123&amount=156000] [UserClient#deductMoney(String,Integer)]: [{"timestamp":"2026-05-25T09:43:19.133+00:00","status":500,"error":"Internal Server Error","path":"/users/money/deduct"}]
	at feign.FeignException.serverErrorStatus(FeignException.java:250) ~[feign-core-11.8.jar:na]
	at feign.FeignException.errorStatus(FeignException.java:197) ~[feign-core-11.8.jar:na]
	at feign.FeignException.errorStatus(FeignException.java:185) ~[feign-core-11.8.jar:na]
	at feign.codec.ErrorDecoder$Default.decode(ErrorDecoder.java:92) ~[feign-core-11.8.jar:na]
	at feign.AsyncResponseHandler.handleResponse(AsyncResponseHandler.java:96) ~[feign-core-11.8.jar:na]
	at feign.SynchronousMethodHandler.executeAndDecode(SynchronousMethodHandler.java:138) ~[feign-core-11.8.jar:na]
	at feign.SynchronousMethodHandler.invoke(SynchronousMethodHandler.java:89) ~[feign-core-11.8.jar:na]
	at feign.ReflectiveFeign$FeignInvocationHandler.invoke(ReflectiveFeign.java:100) ~[feign-core-11.8.jar:na]
	at jdk.proxy2/jdk.proxy2.$Proxy102.deductMoney(Unknown Source) ~[na:na]
	at com.hmall.pay.service.impl.PayOrderServiceImpl.tryPayOrderByBalance(PayOrderServiceImpl.java:58) ~[classes/:na]
	at com.hmall.pay.service.impl.PayOrderServiceImpl$$FastClassBySpringCGLIB$$b2062e7f.invoke(<generated>) ~[classes/:na]
	at org.springframework.cglib.proxy.MethodProxy.invoke(MethodProxy.java:218) ~[spring-core-5.3.27.jar:5.3.27]
	at org.springframework.aop.framework.CglibAopProxy$CglibMethodInvocation.invokeJoinpoint(CglibAopProxy.java:793) ~[spring-aop-5.3.27.jar:5.3.27]
	at org.springframework.aop.framework.ReflectiveMethodInvocation.proceed(ReflectiveMethodInvocation.java:163) ~[spring-aop-5.3.27.jar:5.3.27]
	at org.springframework.aop.framework.CglibAopProxy$CglibMethodInvocation.proceed(CglibAopProxy.java:763) ~[spring-aop-5.3.27.jar:5.3.27]
	at org.springframework.transaction.interceptor.TransactionInterceptor$1.proceedWithInvocation(TransactionInterceptor.java:123) ~[spring-tx-5.3.27.jar:5.3.27]
	at org.springframework.transaction.interceptor.TransactionAspectSupport.invokeWithinTransaction(TransactionAspectSupport.java:388) ~[spring-tx-5.3.27.jar:5.3.27]
	at org.springframework.transaction.interceptor.TransactionInterceptor.invoke(TransactionInterceptor.java:119) ~[spring-tx-5.3.27.jar:5.3.27]
	at org.springframework.aop.framework.ReflectiveMethodInvocation.proceed(ReflectiveMethodInvocation.java:186) ~[spring-aop-5.3.27.jar:5.3.27]
	at org.springframework.aop.framework.CglibAopProxy$CglibMethodInvocation.proceed(CglibAopProxy.java:763) ~[spring-aop-5.3.27.jar:5.3.27]
	at org.springframework.aop.framework.CglibAopProxy$DynamicAdvisedInterceptor.intercept(CglibAopProxy.java:708) ~[spring-aop-5.3.27.jar:5.3.27]
	at com.hmall.pay.service.impl.PayOrderServiceImpl$$EnhancerBySpringCGLIB$$e586933b.tryPayOrderByBalance(<generated>) ~[classes/:na]
	at com.hmall.pay.controller.PayController.tryPayOrderByBalance(PayController.java:37) ~[classes/:na]
	at java.base/jdk.internal.reflect.NativeMethodAccessorImpl.invoke0(Native Method) ~[na:na]
	at java.base/jdk.internal.reflect.NativeMethodAccessorImpl.invoke(NativeMethodAccessorImpl.java:77) ~[na:na]
	at java.base/jdk.internal.reflect.DelegatingMethodAccessorImpl.invoke(DelegatingMethodAccessorImpl.java:43) ~[na:na]
	at java.base/java.lang.reflect.Method.invoke(Method.java:569) ~[na:na]
	at org.springframework.web.method.support.InvocableHandlerMethod.doInvoke(InvocableHandlerMethod.java:205) ~[spring-web-5.3.27.jar:5.3.27]
	at org.springframework.web.method.support.InvocableHandlerMethod.invokeForRequest(InvocableHandlerMethod.java:150) ~[spring-web-5.3.27.jar:5.3.27]
	at org.springframework.web.servlet.mvc.method.annotation.ServletInvocableHandlerMethod.invokeAndHandle(ServletInvocableHandlerMethod.java:117) ~[spring-webmvc-5.3.27.jar:5.3.27]
	at org.springframework.web.servlet.mvc.method.annotation.RequestMappingHandlerAdapter.invokeHandlerMethod(RequestMappingHandlerAdapter.java:895) ~[spring-webmvc-5.3.27.jar:5.3.27]
	at org.springframework.web.servlet.mvc.method.annotation.RequestMappingHandlerAdapter.handleInternal(RequestMappingHandlerAdapter.java:808) ~[spring-webmvc-5.3.27.jar:5.3.27]
	at org.springframework.web.servlet.mvc.method.AbstractHandlerMethodAdapter.handle(AbstractHandlerMethodAdapter.java:87) ~[spring-webmvc-5.3.27.jar:5.3.27]
	at org.springframework.web.servlet.DispatcherServlet.doDispatch(DispatcherServlet.java:1072) ~[spring-webmvc-5.3.27.jar:5.3.27]
	at org.springframework.web.servlet.DispatcherServlet.doService(DispatcherServlet.java:965) ~[spring-webmvc-5.3.27.jar:5.3.27]
	at org.springframework.web.servlet.FrameworkServlet.processRequest(FrameworkServlet.java:1006) ~[spring-webmvc-5.3.27.jar:5.3.27]
	at org.springframework.web.servlet.FrameworkServlet.doPost(FrameworkServlet.java:909) ~[spring-webmvc-5.3.27.jar:5.3.27]
	at javax.servlet.http.HttpServlet.service(HttpServlet.java:555) ~[tomcat-embed-core-9.0.75.jar:4.0.FR]
	at org.springframework.web.servlet.FrameworkServlet.service(FrameworkServlet.java:883) ~[spring-webmvc-5.3.27.jar:5.3.27]
	at javax.servlet.http.HttpServlet.service(HttpServlet.java:623) ~[tomcat-embed-core-9.0.75.jar:4.0.FR]
	at org.apache.catalina.core.ApplicationFilterChain.internalDoFilter(ApplicationFilterChain.java:209) ~[tomcat-embed-core-9.0.75.jar:9.0.75]
	at org.apache.catalina.core.ApplicationFilterChain.doFilter(ApplicationFilterChain.java:153) ~[tomcat-embed-core-9.0.75.jar:9.0.75]
	at org.apache.tomcat.websocket.server.WsFilter.doFilter(WsFilter.java:51) ~[tomcat-embed-websocket-9.0.75.jar:9.0.75]
	at org.apache.catalina.core.ApplicationFilterChain.internalDoFilter(ApplicationFilterChain.java:178) ~[tomcat-embed-core-9.0.75.jar:9.0.75]
	at org.apache.catalina.core.ApplicationFilterChain.doFilter(ApplicationFilterChain.java:153) ~[tomcat-embed-core-9.0.75.jar:9.0.75]
	at org.springframework.web.filter.RequestContextFilter.doFilterInternal(RequestContextFilter.java:100) ~[spring-web-5.3.27.jar:5.3.27]
	at org.springframework.web.filter.OncePerRequestFilter.doFilter(OncePerRequestFilter.java:117) ~[spring-web-5.3.27.jar:5.3.27]
	at org.apache.catalina.core.ApplicationFilterChain.internalDoFilter(ApplicationFilterChain.java:178) ~[tomcat-embed-core-9.0.75.jar:9.0.75]
	at org.apache.catalina.core.ApplicationFilterChain.doFilter(ApplicationFilterChain.java:153) ~[tomcat-embed-core-9.0.75.jar:9.0.75]
	at org.springframework.web.filter.FormContentFilter.doFilterInternal(FormContentFilter.java:93) ~[spring-web-5.3.27.jar:5.3.27]
	at org.springframework.web.filter.OncePerRequestFilter.doFilter(OncePerRequestFilter.java:117) ~[spring-web-5.3.27.jar:5.3.27]
	at org.apache.catalina.core.ApplicationFilterChain.internalDoFilter(ApplicationFilterChain.java:178) ~[tomcat-embed-core-9.0.75.jar:9.0.75]
	at org.apache.catalina.core.ApplicationFilterChain.doFilter(ApplicationFilterChain.java:153) ~[tomcat-embed-core-9.0.75.jar:9.0.75]
	at org.springframework.web.filter.CharacterEncodingFilter.doFilterInternal(CharacterEncodingFilter.java:201) ~[spring-web-5.3.27.jar:5.3.27]
	at org.springframework.web.filter.OncePerRequestFilter.doFilter(OncePerRequestFilter.java:117) ~[spring-web-5.3.27.jar:5.3.27]
	at org.apache.catalina.core.ApplicationFilterChain.internalDoFilter(ApplicationFilterChain.java:178) ~[tomcat-embed-core-9.0.75.jar:9.0.75]
	at org.apache.catalina.core.ApplicationFilterChain.doFilter(ApplicationFilterChain.java:153) ~[tomcat-embed-core-9.0.75.jar:9.0.75]
	at org.apache.catalina.core.StandardWrapperValve.invoke(StandardWrapperValve.java:167) ~[tomcat-embed-core-9.0.75.jar:9.0.75]
	at org.apache.catalina.core.StandardContextValve.invoke(StandardContextValve.java:90) ~[tomcat-embed-core-9.0.75.jar:9.0.75]
	at org.apache.catalina.authenticator.AuthenticatorBase.invoke(AuthenticatorBase.java:481) ~[tomcat-embed-core-9.0.75.jar:9.0.75]
	at org.apache.catalina.core.StandardHostValve.invoke(StandardHostValve.java:130) ~[tomcat-embed-core-9.0.75.jar:9.0.75]
	at org.apache.catalina.valves.ErrorReportValve.invoke(ErrorReportValve.java:93) ~[tomcat-embed-core-9.0.75.jar:9.0.75]
	at org.apache.catalina.core.StandardEngineValve.invoke(StandardEngineValve.java:74) ~[tomcat-embed-core-9.0.75.jar:9.0.75]
	at org.apache.catalina.connector.CoyoteAdapter.service(CoyoteAdapter.java:343) ~[tomcat-embed-core-9.0.75.jar:9.0.75]
	at org.apache.coyote.http11.Http11Processor.service(Http11Processor.java:390) ~[tomcat-embed-core-9.0.75.jar:9.0.75]
	at org.apache.coyote.AbstractProcessorLight.process(AbstractProcessorLight.java:63) ~[tomcat-embed-core-9.0.75.jar:9.0.75]
	at org.apache.coyote.AbstractProtocol$ConnectionHandler.process(AbstractProtocol.java:926) ~[tomcat-embed-core-9.0.75.jar:9.0.75]
	at org.apache.tomcat.util.net.NioEndpoint$SocketProcessor.doRun(NioEndpoint.java:1791) ~[tomcat-embed-core-9.0.75.jar:9.0.75]
	at org.apache.tomcat.util.net.SocketProcessorBase.run(SocketProcessorBase.java:52) ~[tomcat-embed-core-9.0.75.jar:9.0.75]
	at org.apache.tomcat.util.threads.ThreadPoolExecutor.runWorker(ThreadPoolExecutor.java:1191) ~[tomcat-embed-core-9.0.75.jar:9.0.75]
	at org.apache.tomcat.util.threads.ThreadPoolExecutor$Worker.run(ThreadPoolExecutor.java:659) ~[tomcat-embed-core-9.0.75.jar:9.0.75]
	at org.apache.tomcat.util.threads.TaskThread$WrappingRunnable.run(TaskThread.java:61) ~[tomcat-embed-core-9.0.75.jar:9.0.75]
	at java.base/java.lang.Thread.run(Thread.java:840) ~[na:na]

17:44:26:687  INFO 29892 --- [nacos-grpc-client-executor-34] com.alibaba.nacos.common.remote.client   : [87649ba0-4a55-4468-9bf1-dc4609e72781] Receive server push request, request = NotifySubscriberRequest, requestId = 17
17:44:26:692  INFO 29892 --- [nacos-grpc-client-executor-34] com.alibaba.nacos.common.remote.client   : [87649ba0-4a55-4468-9bf1-dc4609e72781] Ack server push request, request = NotifySubscriberRequest, requestId = 17
17:44:40:800  INFO 29892 --- [nacos-grpc-client-executor-36] com.alibaba.nacos.common.remote.client   : [87649ba0-4a55-4468-9bf1-dc4609e72781] Receive server push request, request = NotifySubscriberRequest, requestId = 18
17:44:40:810  INFO 29892 --- [nacos-grpc-client-executor-36] com.alibaba.nacos.common.remote.client   : [87649ba0-4a55-4468-9bf1-dc4609e72781] Ack server push request, request = NotifySubscriberRequest, requestId = 18
17:44:45:587  WARN 29892 --- [Thread-7] c.a.n.common.http.HttpClientBeanHolder   : [HttpClientBeanHolder] Start destroying common HttpClient
17:44:45:587  WARN 29892 --- [Thread-4] c.a.nacos.common.notify.NotifyCenter     : [NotifyCenter] Start destroying Publisher
17:44:45:588  WARN 29892 --- [Thread-4] c.a.nacos.common.notify.NotifyCenter     : [NotifyCenter] Destruction of the end
17:44:45:591  WARN 29892 --- [Thread-7] c.a.n.common.http.HttpClientBeanHolder   : [HttpClientBeanHolder] Destruction of the end
17:44:45:662  INFO 29892 --- [SpringApplicationShutdownHook] c.a.c.n.registry.NacosServiceRegistry    : De-registering from Nacos Server now...
17:44:45:665  INFO 29892 --- [SpringApplicationShutdownHook] c.a.c.n.registry.NacosServiceRegistry    : De-registration finished.
17:44:45:999  INFO 29892 --- [SpringApplicationShutdownHook] com.alibaba.nacos.common.remote.client   : Shutdown rpc client, set status to shutdown
17:44:46:000  INFO 29892 --- [SpringApplicationShutdownHook] com.alibaba.nacos.common.remote.client   : Shutdown client event executor java.util.concurrent.ScheduledThreadPoolExecutor@154e694[Running, pool size = 2, active threads = 2, queued tasks = 0, completed tasks = 0]
17:44:46:000  INFO 29892 --- [SpringApplicationShutdownHook] com.alibaba.nacos.common.remote.client   : Close current connection 1779702174092_192.168.12.1_6075
17:44:46:002  INFO 29892 --- [nacos-grpc-client-executor-39] c.a.n.c.remote.client.grpc.GrpcClient    : [1779702174092_192.168.12.1_6075]Ignore complete event,isRunning:false,isAbandon=false
17:44:46:011  INFO 29892 --- [SpringApplicationShutdownHook] c.a.n.c.remote.client.grpc.GrpcClient    : Shutdown grpc executor java.util.concurrent.ThreadPoolExecutor@513f85a[Running, pool size = 5, active threads = 0, queued tasks = 0, completed tasks = 40]
17:44:46:016  INFO 29892 --- [SpringApplicationShutdownHook] com.zaxxer.hikari.HikariDataSource       : HikariPool-1 - Shutdown initiated...
17:44:46:030  INFO 29892 --- [SpringApplicationShutdownHook] com.zaxxer.hikari.HikariDataSource       : HikariPool-1 - Shutdown completed.
17:44:52:283  INFO 28628 --- [main] com.hmall.pay.PayApplication             : Starting PayApplication using Java 17.0.18 on LAPTOP-TAHSHQGJ with PID 28628 (D:\shuangti\woekspace147\microService147\hmall\pay-service\target\classes started by guorenhao in D:\shuangti\woekspace147\microService147)
17:44:52:286 DEBUG 28628 --- [main] com.hmall.pay.PayApplication             : Running with Spring Boot v2.7.12, Spring v5.3.27
17:44:52:287  INFO 28628 --- [main] com.hmall.pay.PayApplication             : The following 1 profile is active: "dev"
17:44:53:784  INFO 28628 --- [main] o.s.cloud.context.scope.GenericScope     : BeanFactory id=2232bd13-cf03-3514-a87f-85b69303a67f
17:44:54:424  INFO 28628 --- [main] o.s.b.w.embedded.tomcat.TomcatWebServer  : Tomcat initialized with port(s): 8085 (http)
17:44:54:438  INFO 28628 --- [main] o.apache.catalina.core.StandardService   : Starting service [Tomcat]
17:44:54:438  INFO 28628 --- [main] org.apache.catalina.core.StandardEngine  : Starting Servlet engine: [Apache Tomcat/9.0.75]
17:44:54:701  INFO 28628 --- [main] o.a.c.c.C.[Tomcat].[localhost].[/]       : Initializing Spring embedded WebApplicationContext
17:44:54:702  INFO 28628 --- [main] w.s.c.ServletWebServerApplicationContext : Root WebApplicationContext: initialization completed in 2351 ms
17:44:54:983  INFO 28628 --- [main] o.s.c.openfeign.FeignClientFactoryBean   : For 'user-service' URL not provided. Will try picking an instance via load-balancing.
17:44:55:064  INFO 28628 --- [main] o.s.c.openfeign.FeignClientFactoryBean   : For 'trade-service' URL not provided. Will try picking an instance via load-balancing.
17:44:56:295  INFO 28628 --- [main] pertySourcedRequestMappingHandlerMapping : Mapped URL path [/v2/api-docs] onto method [springfox.documentation.swagger2.web.Swagger2ControllerWebMvc#getDocumentation(String, HttpServletRequest)]
17:44:56:993  INFO 28628 --- [main] com.alibaba.nacos.common.remote.client   : [RpcClientFactory] create a new rpc client of dd2c716b-ab47-4698-ba96-0731f88815c9
17:44:57:086  INFO 28628 --- [main] org.reflections.Reflections              : Reflections took 44 ms to scan 1 urls, producing 3 keys and 6 values 
17:44:57:126  INFO 28628 --- [main] org.reflections.Reflections              : Reflections took 11 ms to scan 1 urls, producing 4 keys and 9 values 
17:44:57:138  INFO 28628 --- [main] org.reflections.Reflections              : Reflections took 7 ms to scan 1 urls, producing 3 keys and 10 values 
17:44:57:141  WARN 28628 --- [main] org.reflections.Reflections              : given scan urls are empty. set urls in the configuration
17:44:57:148  INFO 28628 --- [main] org.reflections.Reflections              : Reflections took 6 ms to scan 1 urls, producing 1 keys and 5 values 
17:44:57:158  INFO 28628 --- [main] org.reflections.Reflections              : Reflections took 6 ms to scan 1 urls, producing 1 keys and 7 values 
17:44:57:171  INFO 28628 --- [main] org.reflections.Reflections              : Reflections took 9 ms to scan 1 urls, producing 2 keys and 8 values 
17:44:57:175  WARN 28628 --- [main] org.reflections.Reflections              : given scan urls are empty. set urls in the configuration
17:44:57:176  INFO 28628 --- [main] com.alibaba.nacos.common.remote.client   : [dd2c716b-ab47-4698-ba96-0731f88815c9] RpcClient init label, labels = {module=naming, source=sdk}
17:44:57:180  INFO 28628 --- [main] com.alibaba.nacos.common.remote.client   : [dd2c716b-ab47-4698-ba96-0731f88815c9] RpcClient init, ServerListFactory = com.alibaba.nacos.client.naming.core.ServerListManager
17:44:57:180  INFO 28628 --- [main] com.alibaba.nacos.common.remote.client   : [dd2c716b-ab47-4698-ba96-0731f88815c9] Registry connection listener to current client:com.alibaba.nacos.client.naming.remote.gprc.redo.NamingGrpcRedoService
17:44:57:181  INFO 28628 --- [main] com.alibaba.nacos.common.remote.client   : [dd2c716b-ab47-4698-ba96-0731f88815c9] Register server push request handler:com.alibaba.nacos.client.naming.remote.gprc.NamingPushRequestHandler
17:44:57:184  INFO 28628 --- [main] com.alibaba.nacos.common.remote.client   : [dd2c716b-ab47-4698-ba96-0731f88815c9] Try to connect to server on start up, server: {serverIp = '192.168.12.6', server main port = 8848}
17:44:58:735  INFO 28628 --- [main] com.alibaba.nacos.common.remote.client   : [dd2c716b-ab47-4698-ba96-0731f88815c9] Success to connect to server [192.168.12.6:8848] on start up, connectionId = 1779702295347_192.168.12.1_4300
17:44:58:736  INFO 28628 --- [com.alibaba.nacos.client.remote.worker] com.alibaba.nacos.common.remote.client   : [dd2c716b-ab47-4698-ba96-0731f88815c9] Notify connected event to listeners.
17:44:58:737  INFO 28628 --- [main] com.alibaba.nacos.common.remote.client   : [dd2c716b-ab47-4698-ba96-0731f88815c9] Register server push request handler:com.alibaba.nacos.common.remote.client.RpcClient$ConnectResetRequestHandler
17:44:58:737  INFO 28628 --- [main] com.alibaba.nacos.common.remote.client   : [dd2c716b-ab47-4698-ba96-0731f88815c9] Register server push request handler:com.alibaba.nacos.common.remote.client.RpcClient$$Lambda$997/0x000000001c7cbbb0
17:44:58:806  INFO 28628 --- [main] o.s.b.w.embedded.tomcat.TomcatWebServer  : Tomcat started on port(s): 8085 (http) with context path ''
17:44:58:816  INFO 28628 --- [main] c.a.c.n.registry.NacosServiceRegistry    : nacos registry, DEFAULT_GROUP pay-service 10.40.16.98:8085 register finished
17:44:59:077  INFO 28628 --- [main] d.s.w.p.DocumentationPluginsBootstrapper : Documentation plugins bootstrapped
17:44:59:079  INFO 28628 --- [main] d.s.w.p.DocumentationPluginsBootstrapper : Found 1 custom documentation plugin(s)
17:44:59:105  INFO 28628 --- [main] s.d.s.w.s.ApiListingReferenceScanner     : Scanning for api listing references
17:44:59:204  INFO 28628 --- [main] com.hmall.pay.PayApplication             : Started PayApplication in 8.095 seconds (JVM running for 9.2)
17:44:59:301  INFO 28628 --- [nacos-grpc-client-executor-9] com.alibaba.nacos.common.remote.client   : [dd2c716b-ab47-4698-ba96-0731f88815c9] Receive server push request, request = NotifySubscriberRequest, requestId = 20
17:44:59:305  INFO 28628 --- [nacos-grpc-client-executor-9] com.alibaba.nacos.common.remote.client   : [dd2c716b-ab47-4698-ba96-0731f88815c9] Ack server push request, request = NotifySubscriberRequest, requestId = 20
17:45:05:709  INFO 28628 --- [http-nio-8085-exec-1] o.a.c.c.C.[Tomcat].[localhost].[/]       : Initializing Spring DispatcherServlet 'dispatcherServlet'
17:45:05:709  INFO 28628 --- [http-nio-8085-exec-1] o.s.web.servlet.DispatcherServlet        : Initializing Servlet 'dispatcherServlet'
17:45:05:710  INFO 28628 --- [http-nio-8085-exec-1] o.s.web.servlet.DispatcherServlet        : Completed initialization in 1 ms
17:45:05:779  INFO 28628 --- [http-nio-8085-exec-1] com.zaxxer.hikari.HikariDataSource       : HikariPool-1 - Starting...
17:45:05:987  INFO 28628 --- [http-nio-8085-exec-1] com.zaxxer.hikari.HikariDataSource       : HikariPool-1 - Start completed.
17:45:06:037 DEBUG 28628 --- [http-nio-8085-exec-1] c.h.p.mapper.PayOrderMapper.selectById   : ==>  Preparing: SELECT id,biz_order_no,pay_order_no,biz_user_id,pay_channel_code,amount,pay_type,status,expand_json,result_code,result_msg,pay_success_time,pay_over_time,qr_code_url,create_time,update_time,creater,updater,is_delete FROM pay_order WHERE id=?
17:45:06:070 DEBUG 28628 --- [http-nio-8085-exec-1] c.h.p.mapper.PayOrderMapper.selectById   : ==> Parameters: 1659160218174607363(Long)
17:45:06:107 DEBUG 28628 --- [http-nio-8085-exec-1] c.h.p.mapper.PayOrderMapper.selectById   : <==      Total: 1
17:45:06:822  INFO 28628 --- [nacos-grpc-client-executor-12] com.alibaba.nacos.common.remote.client   : [dd2c716b-ab47-4698-ba96-0731f88815c9] Receive server push request, request = NotifySubscriberRequest, requestId = 21
17:45:06:823  INFO 28628 --- [nacos-grpc-client-executor-12] com.alibaba.nacos.common.remote.client   : [dd2c716b-ab47-4698-ba96-0731f88815c9] Ack server push request, request = NotifySubscriberRequest, requestId = 21
17:45:06:941 ERROR 28628 --- [http-nio-8085-exec-1] o.a.c.c.C.[.[.[/].[dispatcherServlet]    : Servlet.service() for servlet [dispatcherServlet] in context with path [] threw exception [Request processing failed; nested exception is feign.FeignException$InternalServerError: [500] during [PUT] to [http://user-service/users/money/deduct?pw=123&amount=156000] [UserClient#deductMoney(String,Integer)]: [{"timestamp":"2026-05-25T09:45:06.883+00:00","status":500,"error":"Internal Server Error","path":"/users/money/deduct"}]] with root cause

feign.FeignException$InternalServerError: [500] during [PUT] to [http://user-service/users/money/deduct?pw=123&amount=156000] [UserClient#deductMoney(String,Integer)]: [{"timestamp":"2026-05-25T09:45:06.883+00:00","status":500,"error":"Internal Server Error","path":"/users/money/deduct"}]
	at feign.FeignException.serverErrorStatus(FeignException.java:250) ~[feign-core-11.8.jar:na]
	at feign.FeignException.errorStatus(FeignException.java:197) ~[feign-core-11.8.jar:na]
	at feign.FeignException.errorStatus(FeignException.java:185) ~[feign-core-11.8.jar:na]
	at feign.codec.ErrorDecoder$Default.decode(ErrorDecoder.java:92) ~[feign-core-11.8.jar:na]
	at feign.AsyncResponseHandler.handleResponse(AsyncResponseHandler.java:96) ~[feign-core-11.8.jar:na]
	at feign.SynchronousMethodHandler.executeAndDecode(SynchronousMethodHandler.java:138) ~[feign-core-11.8.jar:na]
	at feign.SynchronousMethodHandler.invoke(SynchronousMethodHandler.java:89) ~[feign-core-11.8.jar:na]
	at feign.ReflectiveFeign$FeignInvocationHandler.invoke(ReflectiveFeign.java:100) ~[feign-core-11.8.jar:na]
	at jdk.proxy2/jdk.proxy2.$Proxy102.deductMoney(Unknown Source) ~[na:na]
	at com.hmall.pay.service.impl.PayOrderServiceImpl.tryPayOrderByBalance(PayOrderServiceImpl.java:58) ~[classes/:na]
	at com.hmall.pay.service.impl.PayOrderServiceImpl$$FastClassBySpringCGLIB$$b2062e7f.invoke(<generated>) ~[classes/:na]
	at org.springframework.cglib.proxy.MethodProxy.invoke(MethodProxy.java:218) ~[spring-core-5.3.27.jar:5.3.27]
	at org.springframework.aop.framework.CglibAopProxy$CglibMethodInvocation.invokeJoinpoint(CglibAopProxy.java:793) ~[spring-aop-5.3.27.jar:5.3.27]
	at org.springframework.aop.framework.ReflectiveMethodInvocation.proceed(ReflectiveMethodInvocation.java:163) ~[spring-aop-5.3.27.jar:5.3.27]
	at org.springframework.aop.framework.CglibAopProxy$CglibMethodInvocation.proceed(CglibAopProxy.java:763) ~[spring-aop-5.3.27.jar:5.3.27]
	at org.springframework.transaction.interceptor.TransactionInterceptor$1.proceedWithInvocation(TransactionInterceptor.java:123) ~[spring-tx-5.3.27.jar:5.3.27]
	at org.springframework.transaction.interceptor.TransactionAspectSupport.invokeWithinTransaction(TransactionAspectSupport.java:388) ~[spring-tx-5.3.27.jar:5.3.27]
	at org.springframework.transaction.interceptor.TransactionInterceptor.invoke(TransactionInterceptor.java:119) ~[spring-tx-5.3.27.jar:5.3.27]
	at org.springframework.aop.framework.ReflectiveMethodInvocation.proceed(ReflectiveMethodInvocation.java:186) ~[spring-aop-5.3.27.jar:5.3.27]
	at org.springframework.aop.framework.CglibAopProxy$CglibMethodInvocation.proceed(CglibAopProxy.java:763) ~[spring-aop-5.3.27.jar:5.3.27]
	at org.springframework.aop.framework.CglibAopProxy$DynamicAdvisedInterceptor.intercept(CglibAopProxy.java:708) ~[spring-aop-5.3.27.jar:5.3.27]
	at com.hmall.pay.service.impl.PayOrderServiceImpl$$EnhancerBySpringCGLIB$$3d1d1a42.tryPayOrderByBalance(<generated>) ~[classes/:na]
	at com.hmall.pay.controller.PayController.tryPayOrderByBalance(PayController.java:37) ~[classes/:na]
	at java.base/jdk.internal.reflect.NativeMethodAccessorImpl.invoke0(Native Method) ~[na:na]
	at java.base/jdk.internal.reflect.NativeMethodAccessorImpl.invoke(NativeMethodAccessorImpl.java:77) ~[na:na]
	at java.base/jdk.internal.reflect.DelegatingMethodAccessorImpl.invoke(DelegatingMethodAccessorImpl.java:43) ~[na:na]
	at java.base/java.lang.reflect.Method.invoke(Method.java:569) ~[na:na]
	at org.springframework.web.method.support.InvocableHandlerMethod.doInvoke(InvocableHandlerMethod.java:205) ~[spring-web-5.3.27.jar:5.3.27]
	at org.springframework.web.method.support.InvocableHandlerMethod.invokeForRequest(InvocableHandlerMethod.java:150) ~[spring-web-5.3.27.jar:5.3.27]
	at org.springframework.web.servlet.mvc.method.annotation.ServletInvocableHandlerMethod.invokeAndHandle(ServletInvocableHandlerMethod.java:117) ~[spring-webmvc-5.3.27.jar:5.3.27]
	at org.springframework.web.servlet.mvc.method.annotation.RequestMappingHandlerAdapter.invokeHandlerMethod(RequestMappingHandlerAdapter.java:895) ~[spring-webmvc-5.3.27.jar:5.3.27]
	at org.springframework.web.servlet.mvc.method.annotation.RequestMappingHandlerAdapter.handleInternal(RequestMappingHandlerAdapter.java:808) ~[spring-webmvc-5.3.27.jar:5.3.27]
	at org.springframework.web.servlet.mvc.method.AbstractHandlerMethodAdapter.handle(AbstractHandlerMethodAdapter.java:87) ~[spring-webmvc-5.3.27.jar:5.3.27]
	at org.springframework.web.servlet.DispatcherServlet.doDispatch(DispatcherServlet.java:1072) ~[spring-webmvc-5.3.27.jar:5.3.27]
	at org.springframework.web.servlet.DispatcherServlet.doService(DispatcherServlet.java:965) ~[spring-webmvc-5.3.27.jar:5.3.27]
	at org.springframework.web.servlet.FrameworkServlet.processRequest(FrameworkServlet.java:1006) ~[spring-webmvc-5.3.27.jar:5.3.27]
	at org.springframework.web.servlet.FrameworkServlet.doPost(FrameworkServlet.java:909) ~[spring-webmvc-5.3.27.jar:5.3.27]
	at javax.servlet.http.HttpServlet.service(HttpServlet.java:555) ~[tomcat-embed-core-9.0.75.jar:4.0.FR]
	at org.springframework.web.servlet.FrameworkServlet.service(FrameworkServlet.java:883) ~[spring-webmvc-5.3.27.jar:5.3.27]
	at javax.servlet.http.HttpServlet.service(HttpServlet.java:623) ~[tomcat-embed-core-9.0.75.jar:4.0.FR]
	at org.apache.catalina.core.ApplicationFilterChain.internalDoFilter(ApplicationFilterChain.java:209) ~[tomcat-embed-core-9.0.75.jar:9.0.75]
	at org.apache.catalina.core.ApplicationFilterChain.doFilter(ApplicationFilterChain.java:153) ~[tomcat-embed-core-9.0.75.jar:9.0.75]
	at org.apache.tomcat.websocket.server.WsFilter.doFilter(WsFilter.java:51) ~[tomcat-embed-websocket-9.0.75.jar:9.0.75]
	at org.apache.catalina.core.ApplicationFilterChain.internalDoFilter(ApplicationFilterChain.java:178) ~[tomcat-embed-core-9.0.75.jar:9.0.75]
	at org.apache.catalina.core.ApplicationFilterChain.doFilter(ApplicationFilterChain.java:153) ~[tomcat-embed-core-9.0.75.jar:9.0.75]
	at org.springframework.web.filter.RequestContextFilter.doFilterInternal(RequestContextFilter.java:100) ~[spring-web-5.3.27.jar:5.3.27]
	at org.springframework.web.filter.OncePerRequestFilter.doFilter(OncePerRequestFilter.java:117) ~[spring-web-5.3.27.jar:5.3.27]
	at org.apache.catalina.core.ApplicationFilterChain.internalDoFilter(ApplicationFilterChain.java:178) ~[tomcat-embed-core-9.0.75.jar:9.0.75]
	at org.apache.catalina.core.ApplicationFilterChain.doFilter(ApplicationFilterChain.java:153) ~[tomcat-embed-core-9.0.75.jar:9.0.75]
	at org.springframework.web.filter.FormContentFilter.doFilterInternal(FormContentFilter.java:93) ~[spring-web-5.3.27.jar:5.3.27]
	at org.springframework.web.filter.OncePerRequestFilter.doFilter(OncePerRequestFilter.java:117) ~[spring-web-5.3.27.jar:5.3.27]
	at org.apache.catalina.core.ApplicationFilterChain.internalDoFilter(ApplicationFilterChain.java:178) ~[tomcat-embed-core-9.0.75.jar:9.0.75]
	at org.apache.catalina.core.ApplicationFilterChain.doFilter(ApplicationFilterChain.java:153) ~[tomcat-embed-core-9.0.75.jar:9.0.75]
	at org.springframework.web.filter.CharacterEncodingFilter.doFilterInternal(CharacterEncodingFilter.java:201) ~[spring-web-5.3.27.jar:5.3.27]
	at org.springframework.web.filter.OncePerRequestFilter.doFilter(OncePerRequestFilter.java:117) ~[spring-web-5.3.27.jar:5.3.27]
	at org.apache.catalina.core.ApplicationFilterChain.internalDoFilter(ApplicationFilterChain.java:178) ~[tomcat-embed-core-9.0.75.jar:9.0.75]
	at org.apache.catalina.core.ApplicationFilterChain.doFilter(ApplicationFilterChain.java:153) ~[tomcat-embed-core-9.0.75.jar:9.0.75]
	at org.apache.catalina.core.StandardWrapperValve.invoke(StandardWrapperValve.java:167) ~[tomcat-embed-core-9.0.75.jar:9.0.75]
	at org.apache.catalina.core.StandardContextValve.invoke(StandardContextValve.java:90) ~[tomcat-embed-core-9.0.75.jar:9.0.75]
	at org.apache.catalina.authenticator.AuthenticatorBase.invoke(AuthenticatorBase.java:481) ~[tomcat-embed-core-9.0.75.jar:9.0.75]
	at org.apache.catalina.core.StandardHostValve.invoke(StandardHostValve.java:130) ~[tomcat-embed-core-9.0.75.jar:9.0.75]
	at org.apache.catalina.valves.ErrorReportValve.invoke(ErrorReportValve.java:93) ~[tomcat-embed-core-9.0.75.jar:9.0.75]
	at org.apache.catalina.core.StandardEngineValve.invoke(StandardEngineValve.java:74) ~[tomcat-embed-core-9.0.75.jar:9.0.75]
	at org.apache.catalina.connector.CoyoteAdapter.service(CoyoteAdapter.java:343) ~[tomcat-embed-core-9.0.75.jar:9.0.75]
	at org.apache.coyote.http11.Http11Processor.service(Http11Processor.java:390) ~[tomcat-embed-core-9.0.75.jar:9.0.75]
	at org.apache.coyote.AbstractProcessorLight.process(AbstractProcessorLight.java:63) ~[tomcat-embed-core-9.0.75.jar:9.0.75]
	at org.apache.coyote.AbstractProtocol$ConnectionHandler.process(AbstractProtocol.java:926) ~[tomcat-embed-core-9.0.75.jar:9.0.75]
	at org.apache.tomcat.util.net.NioEndpoint$SocketProcessor.doRun(NioEndpoint.java:1791) ~[tomcat-embed-core-9.0.75.jar:9.0.75]
	at org.apache.tomcat.util.net.SocketProcessorBase.run(SocketProcessorBase.java:52) ~[tomcat-embed-core-9.0.75.jar:9.0.75]
	at org.apache.tomcat.util.threads.ThreadPoolExecutor.runWorker(ThreadPoolExecutor.java:1191) ~[tomcat-embed-core-9.0.75.jar:9.0.75]
	at org.apache.tomcat.util.threads.ThreadPoolExecutor$Worker.run(ThreadPoolExecutor.java:659) ~[tomcat-embed-core-9.0.75.jar:9.0.75]
	at org.apache.tomcat.util.threads.TaskThread$WrappingRunnable.run(TaskThread.java:61) ~[tomcat-embed-core-9.0.75.jar:9.0.75]
	at java.base/java.lang.Thread.run(Thread.java:840) ~[na:na]

17:50:57:769 DEBUG 28628 --- [http-nio-8085-exec-2] c.h.p.mapper.PayOrderMapper.selectById   : ==>  Preparing: SELECT id,biz_order_no,pay_order_no,biz_user_id,pay_channel_code,amount,pay_type,status,expand_json,result_code,result_msg,pay_success_time,pay_over_time,qr_code_url,create_time,update_time,creater,updater,is_delete FROM pay_order WHERE id=?
17:50:57:772 DEBUG 28628 --- [http-nio-8085-exec-2] c.h.p.mapper.PayOrderMapper.selectById   : ==> Parameters: 1659160218174607363(Long)
17:50:57:777 DEBUG 28628 --- [http-nio-8085-exec-2] c.h.p.mapper.PayOrderMapper.selectById   : <==      Total: 1
17:50:57:853 ERROR 28628 --- [http-nio-8085-exec-2] o.a.c.c.C.[.[.[/].[dispatcherServlet]    : Servlet.service() for servlet [dispatcherServlet] in context with path [] threw exception [Request processing failed; nested exception is feign.FeignException$InternalServerError: [500] during [PUT] to [http://user-service/users/money/deduct?pw=123456&amount=156000] [UserClient#deductMoney(String,Integer)]: [{"timestamp":"2026-05-25T09:50:57.840+00:00","status":500,"error":"Internal Server Error","path":"/users/money/deduct"}]] with root cause

feign.FeignException$InternalServerError: [500] during [PUT] to [http://user-service/users/money/deduct?pw=123456&amount=156000] [UserClient#deductMoney(String,Integer)]: [{"timestamp":"2026-05-25T09:50:57.840+00:00","status":500,"error":"Internal Server Error","path":"/users/money/deduct"}]
	at feign.FeignException.serverErrorStatus(FeignException.java:250) ~[feign-core-11.8.jar:na]
	at feign.FeignException.errorStatus(FeignException.java:197) ~[feign-core-11.8.jar:na]
	at feign.FeignException.errorStatus(FeignException.java:185) ~[feign-core-11.8.jar:na]
	at feign.codec.ErrorDecoder$Default.decode(ErrorDecoder.java:92) ~[feign-core-11.8.jar:na]
	at feign.AsyncResponseHandler.handleResponse(AsyncResponseHandler.java:96) ~[feign-core-11.8.jar:na]
	at feign.SynchronousMethodHandler.executeAndDecode(SynchronousMethodHandler.java:138) ~[feign-core-11.8.jar:na]
	at feign.SynchronousMethodHandler.invoke(SynchronousMethodHandler.java:89) ~[feign-core-11.8.jar:na]
	at feign.ReflectiveFeign$FeignInvocationHandler.invoke(ReflectiveFeign.java:100) ~[feign-core-11.8.jar:na]
	at jdk.proxy2/jdk.proxy2.$Proxy102.deductMoney(Unknown Source) ~[na:na]
	at com.hmall.pay.service.impl.PayOrderServiceImpl.tryPayOrderByBalance(PayOrderServiceImpl.java:58) ~[classes/:na]
	at com.hmall.pay.service.impl.PayOrderServiceImpl$$FastClassBySpringCGLIB$$b2062e7f.invoke(<generated>) ~[classes/:na]
	at org.springframework.cglib.proxy.MethodProxy.invoke(MethodProxy.java:218) ~[spring-core-5.3.27.jar:5.3.27]
	at org.springframework.aop.framework.CglibAopProxy$CglibMethodInvocation.invokeJoinpoint(CglibAopProxy.java:793) ~[spring-aop-5.3.27.jar:5.3.27]
	at org.springframework.aop.framework.ReflectiveMethodInvocation.proceed(ReflectiveMethodInvocation.java:163) ~[spring-aop-5.3.27.jar:5.3.27]
	at org.springframework.aop.framework.CglibAopProxy$CglibMethodInvocation.proceed(CglibAopProxy.java:763) ~[spring-aop-5.3.27.jar:5.3.27]
	at org.springframework.transaction.interceptor.TransactionInterceptor$1.proceedWithInvocation(TransactionInterceptor.java:123) ~[spring-tx-5.3.27.jar:5.3.27]
	at org.springframework.transaction.interceptor.TransactionAspectSupport.invokeWithinTransaction(TransactionAspectSupport.java:388) ~[spring-tx-5.3.27.jar:5.3.27]
	at org.springframework.transaction.interceptor.TransactionInterceptor.invoke(TransactionInterceptor.java:119) ~[spring-tx-5.3.27.jar:5.3.27]
	at org.springframework.aop.framework.ReflectiveMethodInvocation.proceed(ReflectiveMethodInvocation.java:186) ~[spring-aop-5.3.27.jar:5.3.27]
	at org.springframework.aop.framework.CglibAopProxy$CglibMethodInvocation.proceed(CglibAopProxy.java:763) ~[spring-aop-5.3.27.jar:5.3.27]
	at org.springframework.aop.framework.CglibAopProxy$DynamicAdvisedInterceptor.intercept(CglibAopProxy.java:708) ~[spring-aop-5.3.27.jar:5.3.27]
	at com.hmall.pay.service.impl.PayOrderServiceImpl$$EnhancerBySpringCGLIB$$3d1d1a42.tryPayOrderByBalance(<generated>) ~[classes/:na]
	at com.hmall.pay.controller.PayController.tryPayOrderByBalance(PayController.java:37) ~[classes/:na]
	at java.base/jdk.internal.reflect.NativeMethodAccessorImpl.invoke0(Native Method) ~[na:na]
	at java.base/jdk.internal.reflect.NativeMethodAccessorImpl.invoke(NativeMethodAccessorImpl.java:77) ~[na:na]
	at java.base/jdk.internal.reflect.DelegatingMethodAccessorImpl.invoke(DelegatingMethodAccessorImpl.java:43) ~[na:na]
	at java.base/java.lang.reflect.Method.invoke(Method.java:569) ~[na:na]
	at org.springframework.web.method.support.InvocableHandlerMethod.doInvoke(InvocableHandlerMethod.java:205) ~[spring-web-5.3.27.jar:5.3.27]
	at org.springframework.web.method.support.InvocableHandlerMethod.invokeForRequest(InvocableHandlerMethod.java:150) ~[spring-web-5.3.27.jar:5.3.27]
	at org.springframework.web.servlet.mvc.method.annotation.ServletInvocableHandlerMethod.invokeAndHandle(ServletInvocableHandlerMethod.java:117) ~[spring-webmvc-5.3.27.jar:5.3.27]
	at org.springframework.web.servlet.mvc.method.annotation.RequestMappingHandlerAdapter.invokeHandlerMethod(RequestMappingHandlerAdapter.java:895) ~[spring-webmvc-5.3.27.jar:5.3.27]
	at org.springframework.web.servlet.mvc.method.annotation.RequestMappingHandlerAdapter.handleInternal(RequestMappingHandlerAdapter.java:808) ~[spring-webmvc-5.3.27.jar:5.3.27]
	at org.springframework.web.servlet.mvc.method.AbstractHandlerMethodAdapter.handle(AbstractHandlerMethodAdapter.java:87) ~[spring-webmvc-5.3.27.jar:5.3.27]
	at org.springframework.web.servlet.DispatcherServlet.doDispatch(DispatcherServlet.java:1072) ~[spring-webmvc-5.3.27.jar:5.3.27]
	at org.springframework.web.servlet.DispatcherServlet.doService(DispatcherServlet.java:965) ~[spring-webmvc-5.3.27.jar:5.3.27]
	at org.springframework.web.servlet.FrameworkServlet.processRequest(FrameworkServlet.java:1006) ~[spring-webmvc-5.3.27.jar:5.3.27]
	at org.springframework.web.servlet.FrameworkServlet.doPost(FrameworkServlet.java:909) ~[spring-webmvc-5.3.27.jar:5.3.27]
	at javax.servlet.http.HttpServlet.service(HttpServlet.java:555) ~[tomcat-embed-core-9.0.75.jar:4.0.FR]
	at org.springframework.web.servlet.FrameworkServlet.service(FrameworkServlet.java:883) ~[spring-webmvc-5.3.27.jar:5.3.27]
	at javax.servlet.http.HttpServlet.service(HttpServlet.java:623) ~[tomcat-embed-core-9.0.75.jar:4.0.FR]
	at org.apache.catalina.core.ApplicationFilterChain.internalDoFilter(ApplicationFilterChain.java:209) ~[tomcat-embed-core-9.0.75.jar:9.0.75]
	at org.apache.catalina.core.ApplicationFilterChain.doFilter(ApplicationFilterChain.java:153) ~[tomcat-embed-core-9.0.75.jar:9.0.75]
	at org.apache.tomcat.websocket.server.WsFilter.doFilter(WsFilter.java:51) ~[tomcat-embed-websocket-9.0.75.jar:9.0.75]
	at org.apache.catalina.core.ApplicationFilterChain.internalDoFilter(ApplicationFilterChain.java:178) ~[tomcat-embed-core-9.0.75.jar:9.0.75]
	at org.apache.catalina.core.ApplicationFilterChain.doFilter(ApplicationFilterChain.java:153) ~[tomcat-embed-core-9.0.75.jar:9.0.75]
	at org.springframework.web.filter.RequestContextFilter.doFilterInternal(RequestContextFilter.java:100) ~[spring-web-5.3.27.jar:5.3.27]
	at org.springframework.web.filter.OncePerRequestFilter.doFilter(OncePerRequestFilter.java:117) ~[spring-web-5.3.27.jar:5.3.27]
	at org.apache.catalina.core.ApplicationFilterChain.internalDoFilter(ApplicationFilterChain.java:178) ~[tomcat-embed-core-9.0.75.jar:9.0.75]
	at org.apache.catalina.core.ApplicationFilterChain.doFilter(ApplicationFilterChain.java:153) ~[tomcat-embed-core-9.0.75.jar:9.0.75]
	at org.springframework.web.filter.FormContentFilter.doFilterInternal(FormContentFilter.java:93) ~[spring-web-5.3.27.jar:5.3.27]
	at org.springframework.web.filter.OncePerRequestFilter.doFilter(OncePerRequestFilter.java:117) ~[spring-web-5.3.27.jar:5.3.27]
	at org.apache.catalina.core.ApplicationFilterChain.internalDoFilter(ApplicationFilterChain.java:178) ~[tomcat-embed-core-9.0.75.jar:9.0.75]
	at org.apache.catalina.core.ApplicationFilterChain.doFilter(ApplicationFilterChain.java:153) ~[tomcat-embed-core-9.0.75.jar:9.0.75]
	at org.springframework.web.filter.CharacterEncodingFilter.doFilterInternal(CharacterEncodingFilter.java:201) ~[spring-web-5.3.27.jar:5.3.27]
	at org.springframework.web.filter.OncePerRequestFilter.doFilter(OncePerRequestFilter.java:117) ~[spring-web-5.3.27.jar:5.3.27]
	at org.apache.catalina.core.ApplicationFilterChain.internalDoFilter(ApplicationFilterChain.java:178) ~[tomcat-embed-core-9.0.75.jar:9.0.75]
	at org.apache.catalina.core.ApplicationFilterChain.doFilter(ApplicationFilterChain.java:153) ~[tomcat-embed-core-9.0.75.jar:9.0.75]
	at org.apache.catalina.core.StandardWrapperValve.invoke(StandardWrapperValve.java:167) ~[tomcat-embed-core-9.0.75.jar:9.0.75]
	at org.apache.catalina.core.StandardContextValve.invoke(StandardContextValve.java:90) ~[tomcat-embed-core-9.0.75.jar:9.0.75]
	at org.apache.catalina.authenticator.AuthenticatorBase.invoke(AuthenticatorBase.java:481) ~[tomcat-embed-core-9.0.75.jar:9.0.75]
	at org.apache.catalina.core.StandardHostValve.invoke(StandardHostValve.java:130) ~[tomcat-embed-core-9.0.75.jar:9.0.75]
	at org.apache.catalina.valves.ErrorReportValve.invoke(ErrorReportValve.java:93) ~[tomcat-embed-core-9.0.75.jar:9.0.75]
	at org.apache.catalina.core.StandardEngineValve.invoke(StandardEngineValve.java:74) ~[tomcat-embed-core-9.0.75.jar:9.0.75]
	at org.apache.catalina.connector.CoyoteAdapter.service(CoyoteAdapter.java:343) ~[tomcat-embed-core-9.0.75.jar:9.0.75]
	at org.apache.coyote.http11.Http11Processor.service(Http11Processor.java:390) ~[tomcat-embed-core-9.0.75.jar:9.0.75]
	at org.apache.coyote.AbstractProcessorLight.process(AbstractProcessorLight.java:63) ~[tomcat-embed-core-9.0.75.jar:9.0.75]
	at org.apache.coyote.AbstractProtocol$ConnectionHandler.process(AbstractProtocol.java:926) ~[tomcat-embed-core-9.0.75.jar:9.0.75]
	at org.apache.tomcat.util.net.NioEndpoint$SocketProcessor.doRun(NioEndpoint.java:1791) ~[tomcat-embed-core-9.0.75.jar:9.0.75]
	at org.apache.tomcat.util.net.SocketProcessorBase.run(SocketProcessorBase.java:52) ~[tomcat-embed-core-9.0.75.jar:9.0.75]
	at org.apache.tomcat.util.threads.ThreadPoolExecutor.runWorker(ThreadPoolExecutor.java:1191) ~[tomcat-embed-core-9.0.75.jar:9.0.75]
	at org.apache.tomcat.util.threads.ThreadPoolExecutor$Worker.run(ThreadPoolExecutor.java:659) ~[tomcat-embed-core-9.0.75.jar:9.0.75]
	at org.apache.tomcat.util.threads.TaskThread$WrappingRunnable.run(TaskThread.java:61) ~[tomcat-embed-core-9.0.75.jar:9.0.75]
	at java.base/java.lang.Thread.run(Thread.java:840) ~[na:na]

17:53:20:641 DEBUG 28628 --- [http-nio-8085-exec-3] c.h.p.mapper.PayOrderMapper.selectById   : ==>  Preparing: SELECT id,biz_order_no,pay_order_no,biz_user_id,pay_channel_code,amount,pay_type,status,expand_json,result_code,result_msg,pay_success_time,pay_over_time,qr_code_url,create_time,update_time,creater,updater,is_delete FROM pay_order WHERE id=?
17:53:20:645 DEBUG 28628 --- [http-nio-8085-exec-3] c.h.p.mapper.PayOrderMapper.selectById   : ==> Parameters: 1659160218174607363(Long)
17:53:20:652 DEBUG 28628 --- [http-nio-8085-exec-3] c.h.p.mapper.PayOrderMapper.selectById   : <==      Total: 1
17:53:20:716 ERROR 28628 --- [http-nio-8085-exec-3] o.a.c.c.C.[.[.[/].[dispatcherServlet]    : Servlet.service() for servlet [dispatcherServlet] in context with path [] threw exception [Request processing failed; nested exception is feign.FeignException$InternalServerError: [500] during [PUT] to [http://user-service/users/money/deduct?pw=123456&amount=156000] [UserClient#deductMoney(String,Integer)]: [{"timestamp":"2026-05-25T09:53:20.702+00:00","status":500,"error":"Internal Server Error","path":"/users/money/deduct"}]] with root cause

feign.FeignException$InternalServerError: [500] during [PUT] to [http://user-service/users/money/deduct?pw=123456&amount=156000] [UserClient#deductMoney(String,Integer)]: [{"timestamp":"2026-05-25T09:53:20.702+00:00","status":500,"error":"Internal Server Error","path":"/users/money/deduct"}]
	at feign.FeignException.serverErrorStatus(FeignException.java:250) ~[feign-core-11.8.jar:na]
	at feign.FeignException.errorStatus(FeignException.java:197) ~[feign-core-11.8.jar:na]
	at feign.FeignException.errorStatus(FeignException.java:185) ~[feign-core-11.8.jar:na]
	at feign.codec.ErrorDecoder$Default.decode(ErrorDecoder.java:92) ~[feign-core-11.8.jar:na]
	at feign.AsyncResponseHandler.handleResponse(AsyncResponseHandler.java:96) ~[feign-core-11.8.jar:na]
	at feign.SynchronousMethodHandler.executeAndDecode(SynchronousMethodHandler.java:138) ~[feign-core-11.8.jar:na]
	at feign.SynchronousMethodHandler.invoke(SynchronousMethodHandler.java:89) ~[feign-core-11.8.jar:na]
	at feign.ReflectiveFeign$FeignInvocationHandler.invoke(ReflectiveFeign.java:100) ~[feign-core-11.8.jar:na]
	at jdk.proxy2/jdk.proxy2.$Proxy102.deductMoney(Unknown Source) ~[na:na]
	at com.hmall.pay.service.impl.PayOrderServiceImpl.tryPayOrderByBalance(PayOrderServiceImpl.java:58) ~[classes/:na]
	at com.hmall.pay.service.impl.PayOrderServiceImpl$$FastClassBySpringCGLIB$$b2062e7f.invoke(<generated>) ~[classes/:na]
	at org.springframework.cglib.proxy.MethodProxy.invoke(MethodProxy.java:218) ~[spring-core-5.3.27.jar:5.3.27]
	at org.springframework.aop.framework.CglibAopProxy$CglibMethodInvocation.invokeJoinpoint(CglibAopProxy.java:793) ~[spring-aop-5.3.27.jar:5.3.27]
	at org.springframework.aop.framework.ReflectiveMethodInvocation.proceed(ReflectiveMethodInvocation.java:163) ~[spring-aop-5.3.27.jar:5.3.27]
	at org.springframework.aop.framework.CglibAopProxy$CglibMethodInvocation.proceed(CglibAopProxy.java:763) ~[spring-aop-5.3.27.jar:5.3.27]
	at org.springframework.transaction.interceptor.TransactionInterceptor$1.proceedWithInvocation(TransactionInterceptor.java:123) ~[spring-tx-5.3.27.jar:5.3.27]
	at org.springframework.transaction.interceptor.TransactionAspectSupport.invokeWithinTransaction(TransactionAspectSupport.java:388) ~[spring-tx-5.3.27.jar:5.3.27]
	at org.springframework.transaction.interceptor.TransactionInterceptor.invoke(TransactionInterceptor.java:119) ~[spring-tx-5.3.27.jar:5.3.27]
	at org.springframework.aop.framework.ReflectiveMethodInvocation.proceed(ReflectiveMethodInvocation.java:186) ~[spring-aop-5.3.27.jar:5.3.27]
	at org.springframework.aop.framework.CglibAopProxy$CglibMethodInvocation.proceed(CglibAopProxy.java:763) ~[spring-aop-5.3.27.jar:5.3.27]
	at org.springframework.aop.framework.CglibAopProxy$DynamicAdvisedInterceptor.intercept(CglibAopProxy.java:708) ~[spring-aop-5.3.27.jar:5.3.27]
	at com.hmall.pay.service.impl.PayOrderServiceImpl$$EnhancerBySpringCGLIB$$3d1d1a42.tryPayOrderByBalance(<generated>) ~[classes/:na]
	at com.hmall.pay.controller.PayController.tryPayOrderByBalance(PayController.java:37) ~[classes/:na]
	at java.base/jdk.internal.reflect.NativeMethodAccessorImpl.invoke0(Native Method) ~[na:na]
	at java.base/jdk.internal.reflect.NativeMethodAccessorImpl.invoke(NativeMethodAccessorImpl.java:77) ~[na:na]
	at java.base/jdk.internal.reflect.DelegatingMethodAccessorImpl.invoke(DelegatingMethodAccessorImpl.java:43) ~[na:na]
	at java.base/java.lang.reflect.Method.invoke(Method.java:569) ~[na:na]
	at org.springframework.web.method.support.InvocableHandlerMethod.doInvoke(InvocableHandlerMethod.java:205) ~[spring-web-5.3.27.jar:5.3.27]
	at org.springframework.web.method.support.InvocableHandlerMethod.invokeForRequest(InvocableHandlerMethod.java:150) ~[spring-web-5.3.27.jar:5.3.27]
	at org.springframework.web.servlet.mvc.method.annotation.ServletInvocableHandlerMethod.invokeAndHandle(ServletInvocableHandlerMethod.java:117) ~[spring-webmvc-5.3.27.jar:5.3.27]
	at org.springframework.web.servlet.mvc.method.annotation.RequestMappingHandlerAdapter.invokeHandlerMethod(RequestMappingHandlerAdapter.java:895) ~[spring-webmvc-5.3.27.jar:5.3.27]
	at org.springframework.web.servlet.mvc.method.annotation.RequestMappingHandlerAdapter.handleInternal(RequestMappingHandlerAdapter.java:808) ~[spring-webmvc-5.3.27.jar:5.3.27]
	at org.springframework.web.servlet.mvc.method.AbstractHandlerMethodAdapter.handle(AbstractHandlerMethodAdapter.java:87) ~[spring-webmvc-5.3.27.jar:5.3.27]
	at org.springframework.web.servlet.DispatcherServlet.doDispatch(DispatcherServlet.java:1072) ~[spring-webmvc-5.3.27.jar:5.3.27]
	at org.springframework.web.servlet.DispatcherServlet.doService(DispatcherServlet.java:965) ~[spring-webmvc-5.3.27.jar:5.3.27]
	at org.springframework.web.servlet.FrameworkServlet.processRequest(FrameworkServlet.java:1006) ~[spring-webmvc-5.3.27.jar:5.3.27]
	at org.springframework.web.servlet.FrameworkServlet.doPost(FrameworkServlet.java:909) ~[spring-webmvc-5.3.27.jar:5.3.27]
	at javax.servlet.http.HttpServlet.service(HttpServlet.java:555) ~[tomcat-embed-core-9.0.75.jar:4.0.FR]
	at org.springframework.web.servlet.FrameworkServlet.service(FrameworkServlet.java:883) ~[spring-webmvc-5.3.27.jar:5.3.27]
	at javax.servlet.http.HttpServlet.service(HttpServlet.java:623) ~[tomcat-embed-core-9.0.75.jar:4.0.FR]
	at org.apache.catalina.core.ApplicationFilterChain.internalDoFilter(ApplicationFilterChain.java:209) ~[tomcat-embed-core-9.0.75.jar:9.0.75]
	at org.apache.catalina.core.ApplicationFilterChain.doFilter(ApplicationFilterChain.java:153) ~[tomcat-embed-core-9.0.75.jar:9.0.75]
	at org.apache.tomcat.websocket.server.WsFilter.doFilter(WsFilter.java:51) ~[tomcat-embed-websocket-9.0.75.jar:9.0.75]
	at org.apache.catalina.core.ApplicationFilterChain.internalDoFilter(ApplicationFilterChain.java:178) ~[tomcat-embed-core-9.0.75.jar:9.0.75]
	at org.apache.catalina.core.ApplicationFilterChain.doFilter(ApplicationFilterChain.java:153) ~[tomcat-embed-core-9.0.75.jar:9.0.75]
	at org.springframework.web.filter.RequestContextFilter.doFilterInternal(RequestContextFilter.java:100) ~[spring-web-5.3.27.jar:5.3.27]
	at org.springframework.web.filter.OncePerRequestFilter.doFilter(OncePerRequestFilter.java:117) ~[spring-web-5.3.27.jar:5.3.27]
	at org.apache.catalina.core.ApplicationFilterChain.internalDoFilter(ApplicationFilterChain.java:178) ~[tomcat-embed-core-9.0.75.jar:9.0.75]
	at org.apache.catalina.core.ApplicationFilterChain.doFilter(ApplicationFilterChain.java:153) ~[tomcat-embed-core-9.0.75.jar:9.0.75]
	at org.springframework.web.filter.FormContentFilter.doFilterInternal(FormContentFilter.java:93) ~[spring-web-5.3.27.jar:5.3.27]
	at org.springframework.web.filter.OncePerRequestFilter.doFilter(OncePerRequestFilter.java:117) ~[spring-web-5.3.27.jar:5.3.27]
	at org.apache.catalina.core.ApplicationFilterChain.internalDoFilter(ApplicationFilterChain.java:178) ~[tomcat-embed-core-9.0.75.jar:9.0.75]
	at org.apache.catalina.core.ApplicationFilterChain.doFilter(ApplicationFilterChain.java:153) ~[tomcat-embed-core-9.0.75.jar:9.0.75]
	at org.springframework.web.filter.CharacterEncodingFilter.doFilterInternal(CharacterEncodingFilter.java:201) ~[spring-web-5.3.27.jar:5.3.27]
	at org.springframework.web.filter.OncePerRequestFilter.doFilter(OncePerRequestFilter.java:117) ~[spring-web-5.3.27.jar:5.3.27]
	at org.apache.catalina.core.ApplicationFilterChain.internalDoFilter(ApplicationFilterChain.java:178) ~[tomcat-embed-core-9.0.75.jar:9.0.75]
	at org.apache.catalina.core.ApplicationFilterChain.doFilter(ApplicationFilterChain.java:153) ~[tomcat-embed-core-9.0.75.jar:9.0.75]
	at org.apache.catalina.core.StandardWrapperValve.invoke(StandardWrapperValve.java:167) ~[tomcat-embed-core-9.0.75.jar:9.0.75]
	at org.apache.catalina.core.StandardContextValve.invoke(StandardContextValve.java:90) ~[tomcat-embed-core-9.0.75.jar:9.0.75]
	at org.apache.catalina.authenticator.AuthenticatorBase.invoke(AuthenticatorBase.java:481) ~[tomcat-embed-core-9.0.75.jar:9.0.75]
	at org.apache.catalina.core.StandardHostValve.invoke(StandardHostValve.java:130) ~[tomcat-embed-core-9.0.75.jar:9.0.75]
	at org.apache.catalina.valves.ErrorReportValve.invoke(ErrorReportValve.java:93) ~[tomcat-embed-core-9.0.75.jar:9.0.75]
	at org.apache.catalina.core.StandardEngineValve.invoke(StandardEngineValve.java:74) ~[tomcat-embed-core-9.0.75.jar:9.0.75]
	at org.apache.catalina.connector.CoyoteAdapter.service(CoyoteAdapter.java:343) ~[tomcat-embed-core-9.0.75.jar:9.0.75]
	at org.apache.coyote.http11.Http11Processor.service(Http11Processor.java:390) ~[tomcat-embed-core-9.0.75.jar:9.0.75]
	at org.apache.coyote.AbstractProcessorLight.process(AbstractProcessorLight.java:63) ~[tomcat-embed-core-9.0.75.jar:9.0.75]
	at org.apache.coyote.AbstractProtocol$ConnectionHandler.process(AbstractProtocol.java:926) ~[tomcat-embed-core-9.0.75.jar:9.0.75]
	at org.apache.tomcat.util.net.NioEndpoint$SocketProcessor.doRun(NioEndpoint.java:1791) ~[tomcat-embed-core-9.0.75.jar:9.0.75]
	at org.apache.tomcat.util.net.SocketProcessorBase.run(SocketProcessorBase.java:52) ~[tomcat-embed-core-9.0.75.jar:9.0.75]
	at org.apache.tomcat.util.threads.ThreadPoolExecutor.runWorker(ThreadPoolExecutor.java:1191) ~[tomcat-embed-core-9.0.75.jar:9.0.75]
	at org.apache.tomcat.util.threads.ThreadPoolExecutor$Worker.run(ThreadPoolExecutor.java:659) ~[tomcat-embed-core-9.0.75.jar:9.0.75]
	at org.apache.tomcat.util.threads.TaskThread$WrappingRunnable.run(TaskThread.java:61) ~[tomcat-embed-core-9.0.75.jar:9.0.75]
	at java.base/java.lang.Thread.run(Thread.java:840) ~[na:na]

17:53:25:479 DEBUG 28628 --- [http-nio-8085-exec-4] c.h.p.mapper.PayOrderMapper.selectById   : ==>  Preparing: SELECT id,biz_order_no,pay_order_no,biz_user_id,pay_channel_code,amount,pay_type,status,expand_json,result_code,result_msg,pay_success_time,pay_over_time,qr_code_url,create_time,update_time,creater,updater,is_delete FROM pay_order WHERE id=?
17:53:25:480 DEBUG 28628 --- [http-nio-8085-exec-4] c.h.p.mapper.PayOrderMapper.selectById   : ==> Parameters: 1659160218174607363(Long)
17:53:25:484 DEBUG 28628 --- [http-nio-8085-exec-4] c.h.p.mapper.PayOrderMapper.selectById   : <==      Total: 1
17:53:25:516 ERROR 28628 --- [http-nio-8085-exec-4] o.a.c.c.C.[.[.[/].[dispatcherServlet]    : Servlet.service() for servlet [dispatcherServlet] in context with path [] threw exception [Request processing failed; nested exception is feign.FeignException$InternalServerError: [500] during [PUT] to [http://user-service/users/money/deduct?pw=123&amount=156000] [UserClient#deductMoney(String,Integer)]: [{"timestamp":"2026-05-25T09:53:25.512+00:00","status":500,"error":"Internal Server Error","path":"/users/money/deduct"}]] with root cause

feign.FeignException$InternalServerError: [500] during [PUT] to [http://user-service/users/money/deduct?pw=123&amount=156000] [UserClient#deductMoney(String,Integer)]: [{"timestamp":"2026-05-25T09:53:25.512+00:00","status":500,"error":"Internal Server Error","path":"/users/money/deduct"}]
	at feign.FeignException.serverErrorStatus(FeignException.java:250) ~[feign-core-11.8.jar:na]
	at feign.FeignException.errorStatus(FeignException.java:197) ~[feign-core-11.8.jar:na]
	at feign.FeignException.errorStatus(FeignException.java:185) ~[feign-core-11.8.jar:na]
	at feign.codec.ErrorDecoder$Default.decode(ErrorDecoder.java:92) ~[feign-core-11.8.jar:na]
	at feign.AsyncResponseHandler.handleResponse(AsyncResponseHandler.java:96) ~[feign-core-11.8.jar:na]
	at feign.SynchronousMethodHandler.executeAndDecode(SynchronousMethodHandler.java:138) ~[feign-core-11.8.jar:na]
	at feign.SynchronousMethodHandler.invoke(SynchronousMethodHandler.java:89) ~[feign-core-11.8.jar:na]
	at feign.ReflectiveFeign$FeignInvocationHandler.invoke(ReflectiveFeign.java:100) ~[feign-core-11.8.jar:na]
	at jdk.proxy2/jdk.proxy2.$Proxy102.deductMoney(Unknown Source) ~[na:na]
	at com.hmall.pay.service.impl.PayOrderServiceImpl.tryPayOrderByBalance(PayOrderServiceImpl.java:58) ~[classes/:na]
	at com.hmall.pay.service.impl.PayOrderServiceImpl$$FastClassBySpringCGLIB$$b2062e7f.invoke(<generated>) ~[classes/:na]
	at org.springframework.cglib.proxy.MethodProxy.invoke(MethodProxy.java:218) ~[spring-core-5.3.27.jar:5.3.27]
	at org.springframework.aop.framework.CglibAopProxy$CglibMethodInvocation.invokeJoinpoint(CglibAopProxy.java:793) ~[spring-aop-5.3.27.jar:5.3.27]
	at org.springframework.aop.framework.ReflectiveMethodInvocation.proceed(ReflectiveMethodInvocation.java:163) ~[spring-aop-5.3.27.jar:5.3.27]
	at org.springframework.aop.framework.CglibAopProxy$CglibMethodInvocation.proceed(CglibAopProxy.java:763) ~[spring-aop-5.3.27.jar:5.3.27]
	at org.springframework.transaction.interceptor.TransactionInterceptor$1.proceedWithInvocation(TransactionInterceptor.java:123) ~[spring-tx-5.3.27.jar:5.3.27]
	at org.springframework.transaction.interceptor.TransactionAspectSupport.invokeWithinTransaction(TransactionAspectSupport.java:388) ~[spring-tx-5.3.27.jar:5.3.27]
	at org.springframework.transaction.interceptor.TransactionInterceptor.invoke(TransactionInterceptor.java:119) ~[spring-tx-5.3.27.jar:5.3.27]
	at org.springframework.aop.framework.ReflectiveMethodInvocation.proceed(ReflectiveMethodInvocation.java:186) ~[spring-aop-5.3.27.jar:5.3.27]
	at org.springframework.aop.framework.CglibAopProxy$CglibMethodInvocation.proceed(CglibAopProxy.java:763) ~[spring-aop-5.3.27.jar:5.3.27]
	at org.springframework.aop.framework.CglibAopProxy$DynamicAdvisedInterceptor.intercept(CglibAopProxy.java:708) ~[spring-aop-5.3.27.jar:5.3.27]
	at com.hmall.pay.service.impl.PayOrderServiceImpl$$EnhancerBySpringCGLIB$$3d1d1a42.tryPayOrderByBalance(<generated>) ~[classes/:na]
	at com.hmall.pay.controller.PayController.tryPayOrderByBalance(PayController.java:37) ~[classes/:na]
	at java.base/jdk.internal.reflect.NativeMethodAccessorImpl.invoke0(Native Method) ~[na:na]
	at java.base/jdk.internal.reflect.NativeMethodAccessorImpl.invoke(NativeMethodAccessorImpl.java:77) ~[na:na]
	at java.base/jdk.internal.reflect.DelegatingMethodAccessorImpl.invoke(DelegatingMethodAccessorImpl.java:43) ~[na:na]
	at java.base/java.lang.reflect.Method.invoke(Method.java:569) ~[na:na]
	at org.springframework.web.method.support.InvocableHandlerMethod.doInvoke(InvocableHandlerMethod.java:205) ~[spring-web-5.3.27.jar:5.3.27]
	at org.springframework.web.method.support.InvocableHandlerMethod.invokeForRequest(InvocableHandlerMethod.java:150) ~[spring-web-5.3.27.jar:5.3.27]
	at org.springframework.web.servlet.mvc.method.annotation.ServletInvocableHandlerMethod.invokeAndHandle(ServletInvocableHandlerMethod.java:117) ~[spring-webmvc-5.3.27.jar:5.3.27]
	at org.springframework.web.servlet.mvc.method.annotation.RequestMappingHandlerAdapter.invokeHandlerMethod(RequestMappingHandlerAdapter.java:895) ~[spring-webmvc-5.3.27.jar:5.3.27]
	at org.springframework.web.servlet.mvc.method.annotation.RequestMappingHandlerAdapter.handleInternal(RequestMappingHandlerAdapter.java:808) ~[spring-webmvc-5.3.27.jar:5.3.27]
	at org.springframework.web.servlet.mvc.method.AbstractHandlerMethodAdapter.handle(AbstractHandlerMethodAdapter.java:87) ~[spring-webmvc-5.3.27.jar:5.3.27]
	at org.springframework.web.servlet.DispatcherServlet.doDispatch(DispatcherServlet.java:1072) ~[spring-webmvc-5.3.27.jar:5.3.27]
	at org.springframework.web.servlet.DispatcherServlet.doService(DispatcherServlet.java:965) ~[spring-webmvc-5.3.27.jar:5.3.27]
	at org.springframework.web.servlet.FrameworkServlet.processRequest(FrameworkServlet.java:1006) ~[spring-webmvc-5.3.27.jar:5.3.27]
	at org.springframework.web.servlet.FrameworkServlet.doPost(FrameworkServlet.java:909) ~[spring-webmvc-5.3.27.jar:5.3.27]
	at javax.servlet.http.HttpServlet.service(HttpServlet.java:555) ~[tomcat-embed-core-9.0.75.jar:4.0.FR]
	at org.springframework.web.servlet.FrameworkServlet.service(FrameworkServlet.java:883) ~[spring-webmvc-5.3.27.jar:5.3.27]
	at javax.servlet.http.HttpServlet.service(HttpServlet.java:623) ~[tomcat-embed-core-9.0.75.jar:4.0.FR]
	at org.apache.catalina.core.ApplicationFilterChain.internalDoFilter(ApplicationFilterChain.java:209) ~[tomcat-embed-core-9.0.75.jar:9.0.75]
	at org.apache.catalina.core.ApplicationFilterChain.doFilter(ApplicationFilterChain.java:153) ~[tomcat-embed-core-9.0.75.jar:9.0.75]
	at org.apache.tomcat.websocket.server.WsFilter.doFilter(WsFilter.java:51) ~[tomcat-embed-websocket-9.0.75.jar:9.0.75]
	at org.apache.catalina.core.ApplicationFilterChain.internalDoFilter(ApplicationFilterChain.java:178) ~[tomcat-embed-core-9.0.75.jar:9.0.75]
	at org.apache.catalina.core.ApplicationFilterChain.doFilter(ApplicationFilterChain.java:153) ~[tomcat-embed-core-9.0.75.jar:9.0.75]
	at org.springframework.web.filter.RequestContextFilter.doFilterInternal(RequestContextFilter.java:100) ~[spring-web-5.3.27.jar:5.3.27]
	at org.springframework.web.filter.OncePerRequestFilter.doFilter(OncePerRequestFilter.java:117) ~[spring-web-5.3.27.jar:5.3.27]
	at org.apache.catalina.core.ApplicationFilterChain.internalDoFilter(ApplicationFilterChain.java:178) ~[tomcat-embed-core-9.0.75.jar:9.0.75]
	at org.apache.catalina.core.ApplicationFilterChain.doFilter(ApplicationFilterChain.java:153) ~[tomcat-embed-core-9.0.75.jar:9.0.75]
	at org.springframework.web.filter.FormContentFilter.doFilterInternal(FormContentFilter.java:93) ~[spring-web-5.3.27.jar:5.3.27]
	at org.springframework.web.filter.OncePerRequestFilter.doFilter(OncePerRequestFilter.java:117) ~[spring-web-5.3.27.jar:5.3.27]
	at org.apache.catalina.core.ApplicationFilterChain.internalDoFilter(ApplicationFilterChain.java:178) ~[tomcat-embed-core-9.0.75.jar:9.0.75]
	at org.apache.catalina.core.ApplicationFilterChain.doFilter(ApplicationFilterChain.java:153) ~[tomcat-embed-core-9.0.75.jar:9.0.75]
	at org.springframework.web.filter.CharacterEncodingFilter.doFilterInternal(CharacterEncodingFilter.java:201) ~[spring-web-5.3.27.jar:5.3.27]
	at org.springframework.web.filter.OncePerRequestFilter.doFilter(OncePerRequestFilter.java:117) ~[spring-web-5.3.27.jar:5.3.27]
	at org.apache.catalina.core.ApplicationFilterChain.internalDoFilter(ApplicationFilterChain.java:178) ~[tomcat-embed-core-9.0.75.jar:9.0.75]
	at org.apache.catalina.core.ApplicationFilterChain.doFilter(ApplicationFilterChain.java:153) ~[tomcat-embed-core-9.0.75.jar:9.0.75]
	at org.apache.catalina.core.StandardWrapperValve.invoke(StandardWrapperValve.java:167) ~[tomcat-embed-core-9.0.75.jar:9.0.75]
	at org.apache.catalina.core.StandardContextValve.invoke(StandardContextValve.java:90) ~[tomcat-embed-core-9.0.75.jar:9.0.75]
	at org.apache.catalina.authenticator.AuthenticatorBase.invoke(AuthenticatorBase.java:481) ~[tomcat-embed-core-9.0.75.jar:9.0.75]
	at org.apache.catalina.core.StandardHostValve.invoke(StandardHostValve.java:130) ~[tomcat-embed-core-9.0.75.jar:9.0.75]
	at org.apache.catalina.valves.ErrorReportValve.invoke(ErrorReportValve.java:93) ~[tomcat-embed-core-9.0.75.jar:9.0.75]
	at org.apache.catalina.core.StandardEngineValve.invoke(StandardEngineValve.java:74) ~[tomcat-embed-core-9.0.75.jar:9.0.75]
	at org.apache.catalina.connector.CoyoteAdapter.service(CoyoteAdapter.java:343) ~[tomcat-embed-core-9.0.75.jar:9.0.75]
	at org.apache.coyote.http11.Http11Processor.service(Http11Processor.java:390) ~[tomcat-embed-core-9.0.75.jar:9.0.75]
	at org.apache.coyote.AbstractProcessorLight.process(AbstractProcessorLight.java:63) ~[tomcat-embed-core-9.0.75.jar:9.0.75]
	at org.apache.coyote.AbstractProtocol$ConnectionHandler.process(AbstractProtocol.java:926) ~[tomcat-embed-core-9.0.75.jar:9.0.75]
	at org.apache.tomcat.util.net.NioEndpoint$SocketProcessor.doRun(NioEndpoint.java:1791) ~[tomcat-embed-core-9.0.75.jar:9.0.75]
	at org.apache.tomcat.util.net.SocketProcessorBase.run(SocketProcessorBase.java:52) ~[tomcat-embed-core-9.0.75.jar:9.0.75]
	at org.apache.tomcat.util.threads.ThreadPoolExecutor.runWorker(ThreadPoolExecutor.java:1191) ~[tomcat-embed-core-9.0.75.jar:9.0.75]
	at org.apache.tomcat.util.threads.ThreadPoolExecutor$Worker.run(ThreadPoolExecutor.java:659) ~[tomcat-embed-core-9.0.75.jar:9.0.75]
	at org.apache.tomcat.util.threads.TaskThread$WrappingRunnable.run(TaskThread.java:61) ~[tomcat-embed-core-9.0.75.jar:9.0.75]
	at java.base/java.lang.Thread.run(Thread.java:840) ~[na:na]

19:53:35:788  INFO 28628 --- [nacos-grpc-client-executor-1557] com.alibaba.nacos.common.remote.client   : [dd2c716b-ab47-4698-ba96-0731f88815c9] Receive server push request, request = NotifySubscriberRequest, requestId = 22
19:53:35:803  INFO 28628 --- [nacos-grpc-client-executor-1557] com.alibaba.nacos.common.remote.client   : [dd2c716b-ab47-4698-ba96-0731f88815c9] Ack server push request, request = NotifySubscriberRequest, requestId = 22
19:53:38:740  WARN 28628 --- [Thread-4] c.a.nacos.common.notify.NotifyCenter     : [NotifyCenter] Start destroying Publisher
19:53:38:740  WARN 28628 --- [Thread-7] c.a.n.common.http.HttpClientBeanHolder   : [HttpClientBeanHolder] Start destroying common HttpClient
19:53:38:741  WARN 28628 --- [Thread-4] c.a.nacos.common.notify.NotifyCenter     : [NotifyCenter] Destruction of the end
19:53:38:743  WARN 28628 --- [Thread-7] c.a.n.common.http.HttpClientBeanHolder   : [HttpClientBeanHolder] Destruction of the end
19:53:38:818  INFO 28628 --- [SpringApplicationShutdownHook] c.a.c.n.registry.NacosServiceRegistry    : De-registering from Nacos Server now...
19:53:38:822  INFO 28628 --- [SpringApplicationShutdownHook] c.a.c.n.registry.NacosServiceRegistry    : De-registration finished.
19:53:39:153  INFO 28628 --- [SpringApplicationShutdownHook] com.alibaba.nacos.common.remote.client   : Shutdown rpc client, set status to shutdown
19:53:39:154  INFO 28628 --- [SpringApplicationShutdownHook] com.alibaba.nacos.common.remote.client   : Shutdown client event executor java.util.concurrent.ScheduledThreadPoolExecutor@49a79d7d[Running, pool size = 2, active threads = 2, queued tasks = 0, completed tasks = 0]
19:53:39:156  INFO 28628 --- [SpringApplicationShutdownHook] com.alibaba.nacos.common.remote.client   : Close current connection 1779702295347_192.168.12.1_4300
19:53:39:163  INFO 28628 --- [nacos-grpc-client-executor-1560] c.a.n.c.remote.client.grpc.GrpcClient    : [1779702295347_192.168.12.1_4300]Ignore complete event,isRunning:false,isAbandon=false
19:53:39:174  INFO 28628 --- [SpringApplicationShutdownHook] c.a.n.c.remote.client.grpc.GrpcClient    : Shutdown grpc executor java.util.concurrent.ThreadPoolExecutor@47c7244c[Running, pool size = 5, active threads = 0, queued tasks = 0, completed tasks = 1561]
19:53:39:182  INFO 28628 --- [SpringApplicationShutdownHook] com.zaxxer.hikari.HikariDataSource       : HikariPool-1 - Shutdown initiated...
19:53:39:195  INFO 28628 --- [SpringApplicationShutdownHook] com.zaxxer.hikari.HikariDataSource       : HikariPool-1 - Shutdown completed.
19:53:44:331  INFO 33112 --- [main] com.hmall.pay.PayApplication             : Starting PayApplication using Java 17.0.18 on LAPTOP-TAHSHQGJ with PID 33112 (D:\shuangti\woekspace147\microService147\hmall\pay-service\target\classes started by guorenhao in D:\shuangti\woekspace147\microService147)
19:53:44:336 DEBUG 33112 --- [main] com.hmall.pay.PayApplication             : Running with Spring Boot v2.7.12, Spring v5.3.27
19:53:44:336  INFO 33112 --- [main] com.hmall.pay.PayApplication             : The following 1 profile is active: "dev"
19:53:46:221  INFO 33112 --- [main] o.s.cloud.context.scope.GenericScope     : BeanFactory id=2232bd13-cf03-3514-a87f-85b69303a67f
19:53:47:031  INFO 33112 --- [main] o.s.b.w.embedded.tomcat.TomcatWebServer  : Tomcat initialized with port(s): 8085 (http)
19:53:47:047  INFO 33112 --- [main] o.apache.catalina.core.StandardService   : Starting service [Tomcat]
19:53:47:047  INFO 33112 --- [main] org.apache.catalina.core.StandardEngine  : Starting Servlet engine: [Apache Tomcat/9.0.75]
19:53:47:327  INFO 33112 --- [main] o.a.c.c.C.[Tomcat].[localhost].[/]       : Initializing Spring embedded WebApplicationContext
19:53:47:327  INFO 33112 --- [main] w.s.c.ServletWebServerApplicationContext : Root WebApplicationContext: initialization completed in 2920 ms
19:53:47:637  INFO 33112 --- [main] o.s.c.openfeign.FeignClientFactoryBean   : For 'user-service' URL not provided. Will try picking an instance via load-balancing.
19:53:47:705  INFO 33112 --- [main] o.s.c.openfeign.FeignClientFactoryBean   : For 'trade-service' URL not provided. Will try picking an instance via load-balancing.
19:53:49:117  INFO 33112 --- [main] pertySourcedRequestMappingHandlerMapping : Mapped URL path [/v2/api-docs] onto method [springfox.documentation.swagger2.web.Swagger2ControllerWebMvc#getDocumentation(String, HttpServletRequest)]
19:53:49:845  INFO 33112 --- [main] com.alibaba.nacos.common.remote.client   : [RpcClientFactory] create a new rpc client of 05f39fce-c6d5-404f-bf9b-6de072853c69
19:53:49:947  INFO 33112 --- [main] org.reflections.Reflections              : Reflections took 45 ms to scan 1 urls, producing 3 keys and 6 values 
19:53:49:987  INFO 33112 --- [main] org.reflections.Reflections              : Reflections took 10 ms to scan 1 urls, producing 4 keys and 9 values 
19:53:49:999  INFO 33112 --- [main] org.reflections.Reflections              : Reflections took 7 ms to scan 1 urls, producing 3 keys and 10 values 
19:53:50:003  WARN 33112 --- [main] org.reflections.Reflections              : given scan urls are empty. set urls in the configuration
19:53:50:011  INFO 33112 --- [main] org.reflections.Reflections              : Reflections took 6 ms to scan 1 urls, producing 1 keys and 5 values 
19:53:50:023  INFO 33112 --- [main] org.reflections.Reflections              : Reflections took 9 ms to scan 1 urls, producing 1 keys and 7 values 
19:53:50:035  INFO 33112 --- [main] org.reflections.Reflections              : Reflections took 7 ms to scan 1 urls, producing 2 keys and 8 values 
19:53:50:039  WARN 33112 --- [main] org.reflections.Reflections              : given scan urls are empty. set urls in the configuration
19:53:50:042  INFO 33112 --- [main] com.alibaba.nacos.common.remote.client   : [05f39fce-c6d5-404f-bf9b-6de072853c69] RpcClient init label, labels = {module=naming, source=sdk}
19:53:50:044  INFO 33112 --- [main] com.alibaba.nacos.common.remote.client   : [05f39fce-c6d5-404f-bf9b-6de072853c69] RpcClient init, ServerListFactory = com.alibaba.nacos.client.naming.core.ServerListManager
19:53:50:047  INFO 33112 --- [main] com.alibaba.nacos.common.remote.client   : [05f39fce-c6d5-404f-bf9b-6de072853c69] Registry connection listener to current client:com.alibaba.nacos.client.naming.remote.gprc.redo.NamingGrpcRedoService
19:53:50:048  INFO 33112 --- [main] com.alibaba.nacos.common.remote.client   : [05f39fce-c6d5-404f-bf9b-6de072853c69] Register server push request handler:com.alibaba.nacos.client.naming.remote.gprc.NamingPushRequestHandler
19:53:50:053  INFO 33112 --- [main] com.alibaba.nacos.common.remote.client   : [05f39fce-c6d5-404f-bf9b-6de072853c69] Try to connect to server on start up, server: {serverIp = '192.168.12.6', server main port = 8848}
19:53:51:580  INFO 33112 --- [main] com.alibaba.nacos.common.remote.client   : [05f39fce-c6d5-404f-bf9b-6de072853c69] Success to connect to server [192.168.12.6:8848] on start up, connectionId = 1779710028238_192.168.12.1_13239
19:53:51:585  INFO 33112 --- [com.alibaba.nacos.client.remote.worker] com.alibaba.nacos.common.remote.client   : [05f39fce-c6d5-404f-bf9b-6de072853c69] Notify connected event to listeners.
19:53:51:585  INFO 33112 --- [main] com.alibaba.nacos.common.remote.client   : [05f39fce-c6d5-404f-bf9b-6de072853c69] Register server push request handler:com.alibaba.nacos.common.remote.client.RpcClient$ConnectResetRequestHandler
19:53:51:587  INFO 33112 --- [main] com.alibaba.nacos.common.remote.client   : [05f39fce-c6d5-404f-bf9b-6de072853c69] Register server push request handler:com.alibaba.nacos.common.remote.client.RpcClient$$Lambda$997/0x000000001c7cbfa8
19:53:51:715  INFO 33112 --- [main] o.s.b.w.embedded.tomcat.TomcatWebServer  : Tomcat started on port(s): 8085 (http) with context path ''
19:53:51:733  INFO 33112 --- [main] c.a.c.n.registry.NacosServiceRegistry    : nacos registry, DEFAULT_GROUP pay-service 10.40.16.98:8085 register finished
19:53:52:008  INFO 33112 --- [main] d.s.w.p.DocumentationPluginsBootstrapper : Documentation plugins bootstrapped
19:53:52:013  INFO 33112 --- [main] d.s.w.p.DocumentationPluginsBootstrapper : Found 1 custom documentation plugin(s)
19:53:52:041  INFO 33112 --- [main] s.d.s.w.s.ApiListingReferenceScanner     : Scanning for api listing references
19:53:52:143  INFO 33112 --- [main] com.hmall.pay.PayApplication             : Started PayApplication in 9.203 seconds (JVM running for 10.584)
19:53:52:188  INFO 33112 --- [nacos-grpc-client-executor-10] com.alibaba.nacos.common.remote.client   : [05f39fce-c6d5-404f-bf9b-6de072853c69] Receive server push request, request = NotifySubscriberRequest, requestId = 24
19:53:52:194  INFO 33112 --- [nacos-grpc-client-executor-10] com.alibaba.nacos.common.remote.client   : [05f39fce-c6d5-404f-bf9b-6de072853c69] Ack server push request, request = NotifySubscriberRequest, requestId = 24
19:54:42:297  INFO 33112 --- [http-nio-8085-exec-1] o.a.c.c.C.[Tomcat].[localhost].[/]       : Initializing Spring DispatcherServlet 'dispatcherServlet'
19:54:42:297  INFO 33112 --- [http-nio-8085-exec-1] o.s.web.servlet.DispatcherServlet        : Initializing Servlet 'dispatcherServlet'
19:54:42:298  INFO 33112 --- [http-nio-8085-exec-1] o.s.web.servlet.DispatcherServlet        : Completed initialization in 0 ms
19:54:47:650  WARN 33112 --- [http-nio-8085-exec-4] c.b.m.c.t.support.ReflectLambdaMeta      : Unable to make field private final java.lang.Class java.lang.invoke.SerializedLambda.capturingClass accessible: module java.base does not "opens java.lang.invoke" to unnamed module @43bc63a3
19:54:47:671  INFO 33112 --- [http-nio-8085-exec-4] com.zaxxer.hikari.HikariDataSource       : HikariPool-1 - Starting...
19:54:47:860  INFO 33112 --- [http-nio-8085-exec-4] com.zaxxer.hikari.HikariDataSource       : HikariPool-1 - Start completed.
19:54:47:870 DEBUG 33112 --- [http-nio-8085-exec-4] c.h.p.mapper.PayOrderMapper.selectList   : ==>  Preparing: SELECT id,biz_order_no,pay_order_no,biz_user_id,pay_channel_code,amount,pay_type,status,expand_json,result_code,result_msg,pay_success_time,pay_over_time,qr_code_url,create_time,update_time,creater,updater,is_delete FROM pay_order WHERE (biz_order_no = ?)
19:54:47:903 DEBUG 33112 --- [http-nio-8085-exec-4] c.h.p.mapper.PayOrderMapper.selectList   : ==> Parameters: null
19:54:47:939 DEBUG 33112 --- [http-nio-8085-exec-4] c.h.p.mapper.PayOrderMapper.selectList   : <==      Total: 0
19:54:48:005 DEBUG 33112 --- [http-nio-8085-exec-4] c.h.pay.mapper.PayOrderMapper.insert     : ==>  Preparing: INSERT INTO pay_order ( id, pay_order_no, status, pay_over_time ) VALUES ( ?, ?, ?, ? )
19:54:48:010 DEBUG 33112 --- [http-nio-8085-exec-4] c.h.pay.mapper.PayOrderMapper.insert     : ==> Parameters: 2058879451396026371(Long), 2058879451396026370(Long), 1(Integer), 2026-05-25T21:54:47.998535700(LocalDateTime)
19:54:48:091 ERROR 33112 --- [http-nio-8085-exec-4] o.a.c.c.C.[.[.[/].[dispatcherServlet]    : Servlet.service() for servlet [dispatcherServlet] in context with path [] threw exception [Request processing failed; nested exception is org.springframework.dao.DataIntegrityViolationException: 
### Error updating database.  Cause: java.sql.SQLException: Field 'biz_order_no' doesn't have a default value
### The error may exist in com/hmall/pay/mapper/PayOrderMapper.java (best guess)
### The error may involve com.hmall.pay.mapper.PayOrderMapper.insert-Inline
### The error occurred while setting parameters
### SQL: INSERT INTO pay_order  ( id,  pay_order_no,     status,     pay_over_time )  VALUES  ( ?,  ?,     ?,     ? )
### Cause: java.sql.SQLException: Field 'biz_order_no' doesn't have a default value
; Field 'biz_order_no' doesn't have a default value; nested exception is java.sql.SQLException: Field 'biz_order_no' doesn't have a default value] with root cause

java.sql.SQLException: Field 'biz_order_no' doesn't have a default value
	at com.mysql.cj.jdbc.exceptions.SQLError.createSQLException(SQLError.java:129) ~[mysql-connector-java-8.0.23.jar:8.0.23]
	at com.mysql.cj.jdbc.exceptions.SQLExceptionsMapping.translateException(SQLExceptionsMapping.java:122) ~[mysql-connector-java-8.0.23.jar:8.0.23]
	at com.mysql.cj.jdbc.ClientPreparedStatement.executeInternal(ClientPreparedStatement.java:953) ~[mysql-connector-java-8.0.23.jar:8.0.23]
	at com.mysql.cj.jdbc.ClientPreparedStatement.execute(ClientPreparedStatement.java:370) ~[mysql-connector-java-8.0.23.jar:8.0.23]
	at com.zaxxer.hikari.pool.ProxyPreparedStatement.execute(ProxyPreparedStatement.java:44) ~[HikariCP-4.0.3.jar:na]
	at com.zaxxer.hikari.pool.HikariProxyPreparedStatement.execute(HikariProxyPreparedStatement.java) ~[HikariCP-4.0.3.jar:na]
	at java.base/jdk.internal.reflect.NativeMethodAccessorImpl.invoke0(Native Method) ~[na:na]
	at java.base/jdk.internal.reflect.NativeMethodAccessorImpl.invoke(NativeMethodAccessorImpl.java:77) ~[na:na]
	at java.base/jdk.internal.reflect.DelegatingMethodAccessorImpl.invoke(DelegatingMethodAccessorImpl.java:43) ~[na:na]
	at java.base/java.lang.reflect.Method.invoke(Method.java:569) ~[na:na]
	at org.apache.ibatis.logging.jdbc.PreparedStatementLogger.invoke(PreparedStatementLogger.java:59) ~[mybatis-3.5.10.jar:3.5.10]
	at jdk.proxy3/jdk.proxy3.$Proxy156.execute(Unknown Source) ~[na:na]
	at org.apache.ibatis.executor.statement.PreparedStatementHandler.update(PreparedStatementHandler.java:47) ~[mybatis-3.5.10.jar:3.5.10]
	at org.apache.ibatis.executor.statement.RoutingStatementHandler.update(RoutingStatementHandler.java:74) ~[mybatis-3.5.10.jar:3.5.10]
	at java.base/jdk.internal.reflect.NativeMethodAccessorImpl.invoke0(Native Method) ~[na:na]
	at java.base/jdk.internal.reflect.NativeMethodAccessorImpl.invoke(NativeMethodAccessorImpl.java:77) ~[na:na]
	at java.base/jdk.internal.reflect.DelegatingMethodAccessorImpl.invoke(DelegatingMethodAccessorImpl.java:43) ~[na:na]
	at java.base/java.lang.reflect.Method.invoke(Method.java:569) ~[na:na]
	at org.apache.ibatis.plugin.Plugin.invoke(Plugin.java:64) ~[mybatis-3.5.10.jar:3.5.10]
	at jdk.proxy2/jdk.proxy2.$Proxy154.update(Unknown Source) ~[na:na]
	at org.apache.ibatis.executor.SimpleExecutor.doUpdate(SimpleExecutor.java:50) ~[mybatis-3.5.10.jar:3.5.10]
	at org.apache.ibatis.executor.BaseExecutor.update(BaseExecutor.java:117) ~[mybatis-3.5.10.jar:3.5.10]
	at org.apache.ibatis.executor.CachingExecutor.update(CachingExecutor.java:76) ~[mybatis-3.5.10.jar:3.5.10]
	at java.base/jdk.internal.reflect.NativeMethodAccessorImpl.invoke0(Native Method) ~[na:na]
	at java.base/jdk.internal.reflect.NativeMethodAccessorImpl.invoke(NativeMethodAccessorImpl.java:77) ~[na:na]
	at java.base/jdk.internal.reflect.DelegatingMethodAccessorImpl.invoke(DelegatingMethodAccessorImpl.java:43) ~[na:na]
	at java.base/java.lang.reflect.Method.invoke(Method.java:569) ~[na:na]
	at org.apache.ibatis.plugin.Invocation.proceed(Invocation.java:49) ~[mybatis-3.5.10.jar:3.5.10]
	at com.baomidou.mybatisplus.extension.plugins.MybatisPlusInterceptor.intercept(MybatisPlusInterceptor.java:106) ~[mybatis-plus-extension-3.5.3.1.jar:3.5.3.1]
	at org.apache.ibatis.plugin.Plugin.invoke(Plugin.java:62) ~[mybatis-3.5.10.jar:3.5.10]
	at jdk.proxy2/jdk.proxy2.$Proxy153.update(Unknown Source) ~[na:na]
	at org.apache.ibatis.session.defaults.DefaultSqlSession.update(DefaultSqlSession.java:194) ~[mybatis-3.5.10.jar:3.5.10]
	at org.apache.ibatis.session.defaults.DefaultSqlSession.insert(DefaultSqlSession.java:181) ~[mybatis-3.5.10.jar:3.5.10]
	at java.base/jdk.internal.reflect.NativeMethodAccessorImpl.invoke0(Native Method) ~[na:na]
	at java.base/jdk.internal.reflect.NativeMethodAccessorImpl.invoke(NativeMethodAccessorImpl.java:77) ~[na:na]
	at java.base/jdk.internal.reflect.DelegatingMethodAccessorImpl.invoke(DelegatingMethodAccessorImpl.java:43) ~[na:na]
	at java.base/java.lang.reflect.Method.invoke(Method.java:569) ~[na:na]
	at org.mybatis.spring.SqlSessionTemplate$SqlSessionInterceptor.invoke(SqlSessionTemplate.java:427) ~[mybatis-spring-2.0.7.jar:2.0.7]
	at jdk.proxy2/jdk.proxy2.$Proxy107.insert(Unknown Source) ~[na:na]
	at org.mybatis.spring.SqlSessionTemplate.insert(SqlSessionTemplate.java:272) ~[mybatis-spring-2.0.7.jar:2.0.7]
	at com.baomidou.mybatisplus.core.override.MybatisMapperMethod.execute(MybatisMapperMethod.java:59) ~[mybatis-plus-core-3.5.3.1.jar:3.5.3.1]
	at com.baomidou.mybatisplus.core.override.MybatisMapperProxy$PlainMethodInvoker.invoke(MybatisMapperProxy.java:148) ~[mybatis-plus-core-3.5.3.1.jar:3.5.3.1]
	at com.baomidou.mybatisplus.core.override.MybatisMapperProxy.invoke(MybatisMapperProxy.java:89) ~[mybatis-plus-core-3.5.3.1.jar:3.5.3.1]
	at jdk.proxy2/jdk.proxy2.$Proxy110.insert(Unknown Source) ~[na:na]
	at com.baomidou.mybatisplus.extension.service.IService.save(IService.java:63) ~[mybatis-plus-extension-3.5.3.1.jar:3.5.3.1]
	at com.hmall.pay.service.impl.PayOrderServiceImpl.checkIdempotent(PayOrderServiceImpl.java:87) ~[classes/:na]
	at com.hmall.pay.service.impl.PayOrderServiceImpl.applyPayOrder(PayOrderServiceImpl.java:42) ~[classes/:na]
	at com.hmall.pay.service.impl.PayOrderServiceImpl$$FastClassBySpringCGLIB$$b2062e7f.invoke(<generated>) ~[classes/:na]
	at org.springframework.cglib.proxy.MethodProxy.invoke(MethodProxy.java:218) ~[spring-core-5.3.27.jar:5.3.27]
	at org.springframework.aop.framework.CglibAopProxy.invokeMethod(CglibAopProxy.java:386) ~[spring-aop-5.3.27.jar:5.3.27]
	at org.springframework.aop.framework.CglibAopProxy.access$000(CglibAopProxy.java:85) ~[spring-aop-5.3.27.jar:5.3.27]
	at org.springframework.aop.framework.CglibAopProxy$DynamicAdvisedInterceptor.intercept(CglibAopProxy.java:704) ~[spring-aop-5.3.27.jar:5.3.27]
	at com.hmall.pay.service.impl.PayOrderServiceImpl$$EnhancerBySpringCGLIB$$8ef1f72e.applyPayOrder(<generated>) ~[classes/:na]
	at com.hmall.pay.controller.PayController.applyPayOrder(PayController.java:29) ~[classes/:na]
	at java.base/jdk.internal.reflect.NativeMethodAccessorImpl.invoke0(Native Method) ~[na:na]
	at java.base/jdk.internal.reflect.NativeMethodAccessorImpl.invoke(NativeMethodAccessorImpl.java:77) ~[na:na]
	at java.base/jdk.internal.reflect.DelegatingMethodAccessorImpl.invoke(DelegatingMethodAccessorImpl.java:43) ~[na:na]
	at java.base/java.lang.reflect.Method.invoke(Method.java:569) ~[na:na]
	at org.springframework.web.method.support.InvocableHandlerMethod.doInvoke(InvocableHandlerMethod.java:205) ~[spring-web-5.3.27.jar:5.3.27]
	at org.springframework.web.method.support.InvocableHandlerMethod.invokeForRequest(InvocableHandlerMethod.java:150) ~[spring-web-5.3.27.jar:5.3.27]
	at org.springframework.web.servlet.mvc.method.annotation.ServletInvocableHandlerMethod.invokeAndHandle(ServletInvocableHandlerMethod.java:117) ~[spring-webmvc-5.3.27.jar:5.3.27]
	at org.springframework.web.servlet.mvc.method.annotation.RequestMappingHandlerAdapter.invokeHandlerMethod(RequestMappingHandlerAdapter.java:895) ~[spring-webmvc-5.3.27.jar:5.3.27]
	at org.springframework.web.servlet.mvc.method.annotation.RequestMappingHandlerAdapter.handleInternal(RequestMappingHandlerAdapter.java:808) ~[spring-webmvc-5.3.27.jar:5.3.27]
	at org.springframework.web.servlet.mvc.method.AbstractHandlerMethodAdapter.handle(AbstractHandlerMethodAdapter.java:87) ~[spring-webmvc-5.3.27.jar:5.3.27]
	at org.springframework.web.servlet.DispatcherServlet.doDispatch(DispatcherServlet.java:1072) ~[spring-webmvc-5.3.27.jar:5.3.27]
	at org.springframework.web.servlet.DispatcherServlet.doService(DispatcherServlet.java:965) ~[spring-webmvc-5.3.27.jar:5.3.27]
	at org.springframework.web.servlet.FrameworkServlet.processRequest(FrameworkServlet.java:1006) ~[spring-webmvc-5.3.27.jar:5.3.27]
	at org.springframework.web.servlet.FrameworkServlet.doPost(FrameworkServlet.java:909) ~[spring-webmvc-5.3.27.jar:5.3.27]
	at javax.servlet.http.HttpServlet.service(HttpServlet.java:555) ~[tomcat-embed-core-9.0.75.jar:4.0.FR]
	at org.springframework.web.servlet.FrameworkServlet.service(FrameworkServlet.java:883) ~[spring-webmvc-5.3.27.jar:5.3.27]
	at javax.servlet.http.HttpServlet.service(HttpServlet.java:623) ~[tomcat-embed-core-9.0.75.jar:4.0.FR]
	at org.apache.catalina.core.ApplicationFilterChain.internalDoFilter(ApplicationFilterChain.java:209) ~[tomcat-embed-core-9.0.75.jar:9.0.75]
	at org.apache.catalina.core.ApplicationFilterChain.doFilter(ApplicationFilterChain.java:153) ~[tomcat-embed-core-9.0.75.jar:9.0.75]
	at org.apache.tomcat.websocket.server.WsFilter.doFilter(WsFilter.java:51) ~[tomcat-embed-websocket-9.0.75.jar:9.0.75]
	at org.apache.catalina.core.ApplicationFilterChain.internalDoFilter(ApplicationFilterChain.java:178) ~[tomcat-embed-core-9.0.75.jar:9.0.75]
	at org.apache.catalina.core.ApplicationFilterChain.doFilter(ApplicationFilterChain.java:153) ~[tomcat-embed-core-9.0.75.jar:9.0.75]
	at org.springframework.web.filter.RequestContextFilter.doFilterInternal(RequestContextFilter.java:100) ~[spring-web-5.3.27.jar:5.3.27]
	at org.springframework.web.filter.OncePerRequestFilter.doFilter(OncePerRequestFilter.java:117) ~[spring-web-5.3.27.jar:5.3.27]
	at org.apache.catalina.core.ApplicationFilterChain.internalDoFilter(ApplicationFilterChain.java:178) ~[tomcat-embed-core-9.0.75.jar:9.0.75]
	at org.apache.catalina.core.ApplicationFilterChain.doFilter(ApplicationFilterChain.java:153) ~[tomcat-embed-core-9.0.75.jar:9.0.75]
	at org.springframework.web.filter.FormContentFilter.doFilterInternal(FormContentFilter.java:93) ~[spring-web-5.3.27.jar:5.3.27]
	at org.springframework.web.filter.OncePerRequestFilter.doFilter(OncePerRequestFilter.java:117) ~[spring-web-5.3.27.jar:5.3.27]
	at org.apache.catalina.core.ApplicationFilterChain.internalDoFilter(ApplicationFilterChain.java:178) ~[tomcat-embed-core-9.0.75.jar:9.0.75]
	at org.apache.catalina.core.ApplicationFilterChain.doFilter(ApplicationFilterChain.java:153) ~[tomcat-embed-core-9.0.75.jar:9.0.75]
	at org.springframework.web.filter.CharacterEncodingFilter.doFilterInternal(CharacterEncodingFilter.java:201) ~[spring-web-5.3.27.jar:5.3.27]
	at org.springframework.web.filter.OncePerRequestFilter.doFilter(OncePerRequestFilter.java:117) ~[spring-web-5.3.27.jar:5.3.27]
	at org.apache.catalina.core.ApplicationFilterChain.internalDoFilter(ApplicationFilterChain.java:178) ~[tomcat-embed-core-9.0.75.jar:9.0.75]
	at org.apache.catalina.core.ApplicationFilterChain.doFilter(ApplicationFilterChain.java:153) ~[tomcat-embed-core-9.0.75.jar:9.0.75]
	at org.apache.catalina.core.StandardWrapperValve.invoke(StandardWrapperValve.java:167) ~[tomcat-embed-core-9.0.75.jar:9.0.75]
	at org.apache.catalina.core.StandardContextValve.invoke(StandardContextValve.java:90) ~[tomcat-embed-core-9.0.75.jar:9.0.75]
	at org.apache.catalina.authenticator.AuthenticatorBase.invoke(AuthenticatorBase.java:481) ~[tomcat-embed-core-9.0.75.jar:9.0.75]
	at org.apache.catalina.core.StandardHostValve.invoke(StandardHostValve.java:130) ~[tomcat-embed-core-9.0.75.jar:9.0.75]
	at org.apache.catalina.valves.ErrorReportValve.invoke(ErrorReportValve.java:93) ~[tomcat-embed-core-9.0.75.jar:9.0.75]
	at org.apache.catalina.core.StandardEngineValve.invoke(StandardEngineValve.java:74) ~[tomcat-embed-core-9.0.75.jar:9.0.75]
	at org.apache.catalina.connector.CoyoteAdapter.service(CoyoteAdapter.java:343) ~[tomcat-embed-core-9.0.75.jar:9.0.75]
	at org.apache.coyote.http11.Http11Processor.service(Http11Processor.java:390) ~[tomcat-embed-core-9.0.75.jar:9.0.75]
	at org.apache.coyote.AbstractProcessorLight.process(AbstractProcessorLight.java:63) ~[tomcat-embed-core-9.0.75.jar:9.0.75]
	at org.apache.coyote.AbstractProtocol$ConnectionHandler.process(AbstractProtocol.java:926) ~[tomcat-embed-core-9.0.75.jar:9.0.75]
	at org.apache.tomcat.util.net.NioEndpoint$SocketProcessor.doRun(NioEndpoint.java:1791) ~[tomcat-embed-core-9.0.75.jar:9.0.75]
	at org.apache.tomcat.util.net.SocketProcessorBase.run(SocketProcessorBase.java:52) ~[tomcat-embed-core-9.0.75.jar:9.0.75]
	at org.apache.tomcat.util.threads.ThreadPoolExecutor.runWorker(ThreadPoolExecutor.java:1191) ~[tomcat-embed-core-9.0.75.jar:9.0.75]
	at org.apache.tomcat.util.threads.ThreadPoolExecutor$Worker.run(ThreadPoolExecutor.java:659) ~[tomcat-embed-core-9.0.75.jar:9.0.75]
	at org.apache.tomcat.util.threads.TaskThread$WrappingRunnable.run(TaskThread.java:61) ~[tomcat-embed-core-9.0.75.jar:9.0.75]
	at java.base/java.lang.Thread.run(Thread.java:840) ~[na:na]

19:55:39:848  WARN 33112 --- [Thread-4] c.a.nacos.common.notify.NotifyCenter     : [NotifyCenter] Start destroying Publisher
19:55:39:848  WARN 33112 --- [Thread-7] c.a.n.common.http.HttpClientBeanHolder   : [HttpClientBeanHolder] Start destroying common HttpClient
19:55:39:849  WARN 33112 --- [Thread-4] c.a.nacos.common.notify.NotifyCenter     : [NotifyCenter] Destruction of the end
19:55:39:850  WARN 33112 --- [Thread-7] c.a.n.common.http.HttpClientBeanHolder   : [HttpClientBeanHolder] Destruction of the end
19:55:39:897  INFO 33112 --- [SpringApplicationShutdownHook] c.a.c.n.registry.NacosServiceRegistry    : De-registering from Nacos Server now...
19:55:39:902  INFO 33112 --- [SpringApplicationShutdownHook] c.a.c.n.registry.NacosServiceRegistry    : De-registration finished.
19:55:40:227  INFO 33112 --- [SpringApplicationShutdownHook] com.alibaba.nacos.common.remote.client   : Shutdown rpc client, set status to shutdown
19:55:40:227  INFO 33112 --- [SpringApplicationShutdownHook] com.alibaba.nacos.common.remote.client   : Shutdown client event executor java.util.concurrent.ScheduledThreadPoolExecutor@537f5fa[Running, pool size = 2, active threads = 2, queued tasks = 0, completed tasks = 0]
19:55:40:227  INFO 33112 --- [SpringApplicationShutdownHook] com.alibaba.nacos.common.remote.client   : Close current connection 1779710028238_192.168.12.1_13239
19:55:40:230  INFO 33112 --- [nacos-grpc-client-executor-35] c.a.n.c.remote.client.grpc.GrpcClient    : [1779710028238_192.168.12.1_13239]Ignore complete event,isRunning:false,isAbandon=false
19:55:40:239  INFO 33112 --- [SpringApplicationShutdownHook] c.a.n.c.remote.client.grpc.GrpcClient    : Shutdown grpc executor java.util.concurrent.ThreadPoolExecutor@27f3e672[Running, pool size = 5, active threads = 0, queued tasks = 0, completed tasks = 36]
19:55:40:243  INFO 33112 --- [SpringApplicationShutdownHook] com.zaxxer.hikari.HikariDataSource       : HikariPool-1 - Shutdown initiated...
19:55:40:252  INFO 33112 --- [SpringApplicationShutdownHook] com.zaxxer.hikari.HikariDataSource       : HikariPool-1 - Shutdown completed.
19:55:44:561  INFO 28040 --- [main] com.hmall.pay.PayApplication             : Starting PayApplication using Java 17.0.18 on LAPTOP-TAHSHQGJ with PID 28040 (D:\shuangti\woekspace147\microService147\hmall\pay-service\target\classes started by guorenhao in D:\shuangti\woekspace147\microService147)
19:55:44:564 DEBUG 28040 --- [main] com.hmall.pay.PayApplication             : Running with Spring Boot v2.7.12, Spring v5.3.27
19:55:44:565  INFO 28040 --- [main] com.hmall.pay.PayApplication             : The following 1 profile is active: "dev"
19:55:46:021  INFO 28040 --- [main] o.s.cloud.context.scope.GenericScope     : BeanFactory id=2232bd13-cf03-3514-a87f-85b69303a67f
19:55:46:666  INFO 28040 --- [main] o.s.b.w.embedded.tomcat.TomcatWebServer  : Tomcat initialized with port(s): 8085 (http)
19:55:46:679  INFO 28040 --- [main] o.apache.catalina.core.StandardService   : Starting service [Tomcat]
19:55:46:680  INFO 28040 --- [main] org.apache.catalina.core.StandardEngine  : Starting Servlet engine: [Apache Tomcat/9.0.75]
19:55:46:927  INFO 28040 --- [main] o.a.c.c.C.[Tomcat].[localhost].[/]       : Initializing Spring embedded WebApplicationContext
19:55:46:928  INFO 28040 --- [main] w.s.c.ServletWebServerApplicationContext : Root WebApplicationContext: initialization completed in 2300 ms
19:55:47:182  INFO 28040 --- [main] o.s.c.openfeign.FeignClientFactoryBean   : For 'user-service' URL not provided. Will try picking an instance via load-balancing.
19:55:47:244  INFO 28040 --- [main] o.s.c.openfeign.FeignClientFactoryBean   : For 'trade-service' URL not provided. Will try picking an instance via load-balancing.
19:55:48:414  INFO 28040 --- [main] pertySourcedRequestMappingHandlerMapping : Mapped URL path [/v2/api-docs] onto method [springfox.documentation.swagger2.web.Swagger2ControllerWebMvc#getDocumentation(String, HttpServletRequest)]
19:55:49:049  INFO 28040 --- [main] com.alibaba.nacos.common.remote.client   : [RpcClientFactory] create a new rpc client of b280dbd9-99ba-4ffc-88b4-5ce9c538e959
19:55:49:133  INFO 28040 --- [main] org.reflections.Reflections              : Reflections took 35 ms to scan 1 urls, producing 3 keys and 6 values 
19:55:49:168  INFO 28040 --- [main] org.reflections.Reflections              : Reflections took 9 ms to scan 1 urls, producing 4 keys and 9 values 
19:55:49:183  INFO 28040 --- [main] org.reflections.Reflections              : Reflections took 6 ms to scan 1 urls, producing 3 keys and 10 values 
19:55:49:186  WARN 28040 --- [main] org.reflections.Reflections              : given scan urls are empty. set urls in the configuration
19:55:49:194  INFO 28040 --- [main] org.reflections.Reflections              : Reflections took 7 ms to scan 1 urls, producing 1 keys and 5 values 
19:55:49:203  INFO 28040 --- [main] org.reflections.Reflections              : Reflections took 6 ms to scan 1 urls, producing 1 keys and 7 values 
19:55:49:213  INFO 28040 --- [main] org.reflections.Reflections              : Reflections took 6 ms to scan 1 urls, producing 2 keys and 8 values 
19:55:49:218  WARN 28040 --- [main] org.reflections.Reflections              : given scan urls are empty. set urls in the configuration
19:55:49:218  INFO 28040 --- [main] com.alibaba.nacos.common.remote.client   : [b280dbd9-99ba-4ffc-88b4-5ce9c538e959] RpcClient init label, labels = {module=naming, source=sdk}
19:55:49:221  INFO 28040 --- [main] com.alibaba.nacos.common.remote.client   : [b280dbd9-99ba-4ffc-88b4-5ce9c538e959] RpcClient init, ServerListFactory = com.alibaba.nacos.client.naming.core.ServerListManager
19:55:49:221  INFO 28040 --- [main] com.alibaba.nacos.common.remote.client   : [b280dbd9-99ba-4ffc-88b4-5ce9c538e959] Registry connection listener to current client:com.alibaba.nacos.client.naming.remote.gprc.redo.NamingGrpcRedoService
19:55:49:222  INFO 28040 --- [main] com.alibaba.nacos.common.remote.client   : [b280dbd9-99ba-4ffc-88b4-5ce9c538e959] Register server push request handler:com.alibaba.nacos.client.naming.remote.gprc.NamingPushRequestHandler
19:55:49:224  INFO 28040 --- [main] com.alibaba.nacos.common.remote.client   : [b280dbd9-99ba-4ffc-88b4-5ce9c538e959] Try to connect to server on start up, server: {serverIp = '192.168.12.6', server main port = 8848}
19:55:50:651  INFO 28040 --- [main] com.alibaba.nacos.common.remote.client   : [b280dbd9-99ba-4ffc-88b4-5ce9c538e959] Success to connect to server [192.168.12.6:8848] on start up, connectionId = 1779710147317_192.168.12.1_5527
19:55:50:652  INFO 28040 --- [com.alibaba.nacos.client.remote.worker] com.alibaba.nacos.common.remote.client   : [b280dbd9-99ba-4ffc-88b4-5ce9c538e959] Notify connected event to listeners.
19:55:50:653  INFO 28040 --- [main] com.alibaba.nacos.common.remote.client   : [b280dbd9-99ba-4ffc-88b4-5ce9c538e959] Register server push request handler:com.alibaba.nacos.common.remote.client.RpcClient$ConnectResetRequestHandler
19:55:50:653  INFO 28040 --- [main] com.alibaba.nacos.common.remote.client   : [b280dbd9-99ba-4ffc-88b4-5ce9c538e959] Register server push request handler:com.alibaba.nacos.common.remote.client.RpcClient$$Lambda$997/0x000000001c7bfb80
19:55:50:714  INFO 28040 --- [main] o.s.b.w.embedded.tomcat.TomcatWebServer  : Tomcat started on port(s): 8085 (http) with context path ''
19:55:50:723  INFO 28040 --- [main] c.a.c.n.registry.NacosServiceRegistry    : nacos registry, DEFAULT_GROUP pay-service 10.40.16.98:8085 register finished
19:55:50:968  INFO 28040 --- [main] d.s.w.p.DocumentationPluginsBootstrapper : Documentation plugins bootstrapped
19:55:50:972  INFO 28040 --- [main] d.s.w.p.DocumentationPluginsBootstrapper : Found 1 custom documentation plugin(s)
19:55:50:998  INFO 28040 --- [main] s.d.s.w.s.ApiListingReferenceScanner     : Scanning for api listing references
19:55:51:091  INFO 28040 --- [main] com.hmall.pay.PayApplication             : Started PayApplication in 7.713 seconds (JVM running for 8.967)
19:55:51:224  INFO 28040 --- [nacos-grpc-client-executor-9] com.alibaba.nacos.common.remote.client   : [b280dbd9-99ba-4ffc-88b4-5ce9c538e959] Receive server push request, request = NotifySubscriberRequest, requestId = 25
19:55:51:228  INFO 28040 --- [nacos-grpc-client-executor-9] com.alibaba.nacos.common.remote.client   : [b280dbd9-99ba-4ffc-88b4-5ce9c538e959] Ack server push request, request = NotifySubscriberRequest, requestId = 25
19:56:11:304  INFO 28040 --- [http-nio-8085-exec-1] o.a.c.c.C.[Tomcat].[localhost].[/]       : Initializing Spring DispatcherServlet 'dispatcherServlet'
19:56:11:304  INFO 28040 --- [http-nio-8085-exec-1] o.s.web.servlet.DispatcherServlet        : Initializing Servlet 'dispatcherServlet'
19:56:11:306  INFO 28040 --- [http-nio-8085-exec-1] o.s.web.servlet.DispatcherServlet        : Completed initialization in 1 ms
19:56:18:780  INFO 28040 --- [http-nio-8085-exec-4] com.zaxxer.hikari.HikariDataSource       : HikariPool-1 - Starting...
19:56:19:003  INFO 28040 --- [http-nio-8085-exec-4] com.zaxxer.hikari.HikariDataSource       : HikariPool-1 - Start completed.
19:56:19:059 DEBUG 28040 --- [http-nio-8085-exec-4] c.h.p.mapper.PayOrderMapper.selectById   : ==>  Preparing: SELECT id,biz_order_no,pay_order_no,biz_user_id,pay_channel_code,amount,pay_type,status,expand_json,result_code,result_msg,pay_success_time,pay_over_time,qr_code_url,create_time,update_time,creater,updater,is_delete FROM pay_order WHERE id=?
19:56:19:090 DEBUG 28040 --- [http-nio-8085-exec-4] c.h.p.mapper.PayOrderMapper.selectById   : ==> Parameters: 1659160218174607363(Long)
19:56:19:133 DEBUG 28040 --- [http-nio-8085-exec-4] c.h.p.mapper.PayOrderMapper.selectById   : <==      Total: 1
19:56:19:850  INFO 28040 --- [nacos-grpc-client-executor-17] com.alibaba.nacos.common.remote.client   : [b280dbd9-99ba-4ffc-88b4-5ce9c538e959] Receive server push request, request = NotifySubscriberRequest, requestId = 26
19:56:19:850  INFO 28040 --- [nacos-grpc-client-executor-17] com.alibaba.nacos.common.remote.client   : [b280dbd9-99ba-4ffc-88b4-5ce9c538e959] Ack server push request, request = NotifySubscriberRequest, requestId = 26
19:56:20:134 ERROR 28040 --- [http-nio-8085-exec-4] o.a.c.c.C.[.[.[/].[dispatcherServlet]    : Servlet.service() for servlet [dispatcherServlet] in context with path [] threw exception [Request processing failed; nested exception is feign.FeignException$InternalServerError: [500] during [PUT] to [http://user-service/users/money/deduct?pw=123&amount=156000] [UserClient#deductMoney(String,Integer)]: [{"timestamp":"2026-05-25T11:56:20.069+00:00","status":500,"error":"Internal Server Error","path":"/users/money/deduct"}]] with root cause

feign.FeignException$InternalServerError: [500] during [PUT] to [http://user-service/users/money/deduct?pw=123&amount=156000] [UserClient#deductMoney(String,Integer)]: [{"timestamp":"2026-05-25T11:56:20.069+00:00","status":500,"error":"Internal Server Error","path":"/users/money/deduct"}]
	at feign.FeignException.serverErrorStatus(FeignException.java:250) ~[feign-core-11.8.jar:na]
	at feign.FeignException.errorStatus(FeignException.java:197) ~[feign-core-11.8.jar:na]
	at feign.FeignException.errorStatus(FeignException.java:185) ~[feign-core-11.8.jar:na]
	at feign.codec.ErrorDecoder$Default.decode(ErrorDecoder.java:92) ~[feign-core-11.8.jar:na]
	at feign.AsyncResponseHandler.handleResponse(AsyncResponseHandler.java:96) ~[feign-core-11.8.jar:na]
	at feign.SynchronousMethodHandler.executeAndDecode(SynchronousMethodHandler.java:138) ~[feign-core-11.8.jar:na]
	at feign.SynchronousMethodHandler.invoke(SynchronousMethodHandler.java:89) ~[feign-core-11.8.jar:na]
	at feign.ReflectiveFeign$FeignInvocationHandler.invoke(ReflectiveFeign.java:100) ~[feign-core-11.8.jar:na]
	at jdk.proxy2/jdk.proxy2.$Proxy102.deductMoney(Unknown Source) ~[na:na]
	at com.hmall.pay.service.impl.PayOrderServiceImpl.tryPayOrderByBalance(PayOrderServiceImpl.java:58) ~[classes/:na]
	at com.hmall.pay.service.impl.PayOrderServiceImpl$$FastClassBySpringCGLIB$$b2062e7f.invoke(<generated>) ~[classes/:na]
	at org.springframework.cglib.proxy.MethodProxy.invoke(MethodProxy.java:218) ~[spring-core-5.3.27.jar:5.3.27]
	at org.springframework.aop.framework.CglibAopProxy$CglibMethodInvocation.invokeJoinpoint(CglibAopProxy.java:793) ~[spring-aop-5.3.27.jar:5.3.27]
	at org.springframework.aop.framework.ReflectiveMethodInvocation.proceed(ReflectiveMethodInvocation.java:163) ~[spring-aop-5.3.27.jar:5.3.27]
	at org.springframework.aop.framework.CglibAopProxy$CglibMethodInvocation.proceed(CglibAopProxy.java:763) ~[spring-aop-5.3.27.jar:5.3.27]
	at org.springframework.transaction.interceptor.TransactionInterceptor$1.proceedWithInvocation(TransactionInterceptor.java:123) ~[spring-tx-5.3.27.jar:5.3.27]
	at org.springframework.transaction.interceptor.TransactionAspectSupport.invokeWithinTransaction(TransactionAspectSupport.java:388) ~[spring-tx-5.3.27.jar:5.3.27]
	at org.springframework.transaction.interceptor.TransactionInterceptor.invoke(TransactionInterceptor.java:119) ~[spring-tx-5.3.27.jar:5.3.27]
	at org.springframework.aop.framework.ReflectiveMethodInvocation.proceed(ReflectiveMethodInvocation.java:186) ~[spring-aop-5.3.27.jar:5.3.27]
	at org.springframework.aop.framework.CglibAopProxy$CglibMethodInvocation.proceed(CglibAopProxy.java:763) ~[spring-aop-5.3.27.jar:5.3.27]
	at org.springframework.aop.framework.CglibAopProxy$DynamicAdvisedInterceptor.intercept(CglibAopProxy.java:708) ~[spring-aop-5.3.27.jar:5.3.27]
	at com.hmall.pay.service.impl.PayOrderServiceImpl$$EnhancerBySpringCGLIB$$360bdc11.tryPayOrderByBalance(<generated>) ~[classes/:na]
	at com.hmall.pay.controller.PayController.tryPayOrderByBalance(PayController.java:37) ~[classes/:na]
	at java.base/jdk.internal.reflect.NativeMethodAccessorImpl.invoke0(Native Method) ~[na:na]
	at java.base/jdk.internal.reflect.NativeMethodAccessorImpl.invoke(NativeMethodAccessorImpl.java:77) ~[na:na]
	at java.base/jdk.internal.reflect.DelegatingMethodAccessorImpl.invoke(DelegatingMethodAccessorImpl.java:43) ~[na:na]
	at java.base/java.lang.reflect.Method.invoke(Method.java:569) ~[na:na]
	at org.springframework.web.method.support.InvocableHandlerMethod.doInvoke(InvocableHandlerMethod.java:205) ~[spring-web-5.3.27.jar:5.3.27]
	at org.springframework.web.method.support.InvocableHandlerMethod.invokeForRequest(InvocableHandlerMethod.java:150) ~[spring-web-5.3.27.jar:5.3.27]
	at org.springframework.web.servlet.mvc.method.annotation.ServletInvocableHandlerMethod.invokeAndHandle(ServletInvocableHandlerMethod.java:117) ~[spring-webmvc-5.3.27.jar:5.3.27]
	at org.springframework.web.servlet.mvc.method.annotation.RequestMappingHandlerAdapter.invokeHandlerMethod(RequestMappingHandlerAdapter.java:895) ~[spring-webmvc-5.3.27.jar:5.3.27]
	at org.springframework.web.servlet.mvc.method.annotation.RequestMappingHandlerAdapter.handleInternal(RequestMappingHandlerAdapter.java:808) ~[spring-webmvc-5.3.27.jar:5.3.27]
	at org.springframework.web.servlet.mvc.method.AbstractHandlerMethodAdapter.handle(AbstractHandlerMethodAdapter.java:87) ~[spring-webmvc-5.3.27.jar:5.3.27]
	at org.springframework.web.servlet.DispatcherServlet.doDispatch(DispatcherServlet.java:1072) ~[spring-webmvc-5.3.27.jar:5.3.27]
	at org.springframework.web.servlet.DispatcherServlet.doService(DispatcherServlet.java:965) ~[spring-webmvc-5.3.27.jar:5.3.27]
	at org.springframework.web.servlet.FrameworkServlet.processRequest(FrameworkServlet.java:1006) ~[spring-webmvc-5.3.27.jar:5.3.27]
	at org.springframework.web.servlet.FrameworkServlet.doPost(FrameworkServlet.java:909) ~[spring-webmvc-5.3.27.jar:5.3.27]
	at javax.servlet.http.HttpServlet.service(HttpServlet.java:555) ~[tomcat-embed-core-9.0.75.jar:4.0.FR]
	at org.springframework.web.servlet.FrameworkServlet.service(FrameworkServlet.java:883) ~[spring-webmvc-5.3.27.jar:5.3.27]
	at javax.servlet.http.HttpServlet.service(HttpServlet.java:623) ~[tomcat-embed-core-9.0.75.jar:4.0.FR]
	at org.apache.catalina.core.ApplicationFilterChain.internalDoFilter(ApplicationFilterChain.java:209) ~[tomcat-embed-core-9.0.75.jar:9.0.75]
	at org.apache.catalina.core.ApplicationFilterChain.doFilter(ApplicationFilterChain.java:153) ~[tomcat-embed-core-9.0.75.jar:9.0.75]
	at org.apache.tomcat.websocket.server.WsFilter.doFilter(WsFilter.java:51) ~[tomcat-embed-websocket-9.0.75.jar:9.0.75]
	at org.apache.catalina.core.ApplicationFilterChain.internalDoFilter(ApplicationFilterChain.java:178) ~[tomcat-embed-core-9.0.75.jar:9.0.75]
	at org.apache.catalina.core.ApplicationFilterChain.doFilter(ApplicationFilterChain.java:153) ~[tomcat-embed-core-9.0.75.jar:9.0.75]
	at org.springframework.web.filter.RequestContextFilter.doFilterInternal(RequestContextFilter.java:100) ~[spring-web-5.3.27.jar:5.3.27]
	at org.springframework.web.filter.OncePerRequestFilter.doFilter(OncePerRequestFilter.java:117) ~[spring-web-5.3.27.jar:5.3.27]
	at org.apache.catalina.core.ApplicationFilterChain.internalDoFilter(ApplicationFilterChain.java:178) ~[tomcat-embed-core-9.0.75.jar:9.0.75]
	at org.apache.catalina.core.ApplicationFilterChain.doFilter(ApplicationFilterChain.java:153) ~[tomcat-embed-core-9.0.75.jar:9.0.75]
	at org.springframework.web.filter.FormContentFilter.doFilterInternal(FormContentFilter.java:93) ~[spring-web-5.3.27.jar:5.3.27]
	at org.springframework.web.filter.OncePerRequestFilter.doFilter(OncePerRequestFilter.java:117) ~[spring-web-5.3.27.jar:5.3.27]
	at org.apache.catalina.core.ApplicationFilterChain.internalDoFilter(ApplicationFilterChain.java:178) ~[tomcat-embed-core-9.0.75.jar:9.0.75]
	at org.apache.catalina.core.ApplicationFilterChain.doFilter(ApplicationFilterChain.java:153) ~[tomcat-embed-core-9.0.75.jar:9.0.75]
	at org.springframework.web.filter.CharacterEncodingFilter.doFilterInternal(CharacterEncodingFilter.java:201) ~[spring-web-5.3.27.jar:5.3.27]
	at org.springframework.web.filter.OncePerRequestFilter.doFilter(OncePerRequestFilter.java:117) ~[spring-web-5.3.27.jar:5.3.27]
	at org.apache.catalina.core.ApplicationFilterChain.internalDoFilter(ApplicationFilterChain.java:178) ~[tomcat-embed-core-9.0.75.jar:9.0.75]
	at org.apache.catalina.core.ApplicationFilterChain.doFilter(ApplicationFilterChain.java:153) ~[tomcat-embed-core-9.0.75.jar:9.0.75]
	at org.apache.catalina.core.StandardWrapperValve.invoke(StandardWrapperValve.java:167) ~[tomcat-embed-core-9.0.75.jar:9.0.75]
	at org.apache.catalina.core.StandardContextValve.invoke(StandardContextValve.java:90) ~[tomcat-embed-core-9.0.75.jar:9.0.75]
	at org.apache.catalina.authenticator.AuthenticatorBase.invoke(AuthenticatorBase.java:481) ~[tomcat-embed-core-9.0.75.jar:9.0.75]
	at org.apache.catalina.core.StandardHostValve.invoke(StandardHostValve.java:130) ~[tomcat-embed-core-9.0.75.jar:9.0.75]
	at org.apache.catalina.valves.ErrorReportValve.invoke(ErrorReportValve.java:93) ~[tomcat-embed-core-9.0.75.jar:9.0.75]
	at org.apache.catalina.core.StandardEngineValve.invoke(StandardEngineValve.java:74) ~[tomcat-embed-core-9.0.75.jar:9.0.75]
	at org.apache.catalina.connector.CoyoteAdapter.service(CoyoteAdapter.java:343) ~[tomcat-embed-core-9.0.75.jar:9.0.75]
	at org.apache.coyote.http11.Http11Processor.service(Http11Processor.java:390) ~[tomcat-embed-core-9.0.75.jar:9.0.75]
	at org.apache.coyote.AbstractProcessorLight.process(AbstractProcessorLight.java:63) ~[tomcat-embed-core-9.0.75.jar:9.0.75]
	at org.apache.coyote.AbstractProtocol$ConnectionHandler.process(AbstractProtocol.java:926) ~[tomcat-embed-core-9.0.75.jar:9.0.75]
	at org.apache.tomcat.util.net.NioEndpoint$SocketProcessor.doRun(NioEndpoint.java:1791) ~[tomcat-embed-core-9.0.75.jar:9.0.75]
	at org.apache.tomcat.util.net.SocketProcessorBase.run(SocketProcessorBase.java:52) ~[tomcat-embed-core-9.0.75.jar:9.0.75]
	at org.apache.tomcat.util.threads.ThreadPoolExecutor.runWorker(ThreadPoolExecutor.java:1191) ~[tomcat-embed-core-9.0.75.jar:9.0.75]
	at org.apache.tomcat.util.threads.ThreadPoolExecutor$Worker.run(ThreadPoolExecutor.java:659) ~[tomcat-embed-core-9.0.75.jar:9.0.75]
	at org.apache.tomcat.util.threads.TaskThread$WrappingRunnable.run(TaskThread.java:61) ~[tomcat-embed-core-9.0.75.jar:9.0.75]
	at java.base/java.lang.Thread.run(Thread.java:840) ~[na:na]

19:58:38:605  INFO 28040 --- [nacos-grpc-client-executor-47] com.alibaba.nacos.common.remote.client   : [b280dbd9-99ba-4ffc-88b4-5ce9c538e959] Receive server push request, request = NotifySubscriberRequest, requestId = 27
19:58:38:611  INFO 28040 --- [nacos-grpc-client-executor-47] com.alibaba.nacos.common.remote.client   : [b280dbd9-99ba-4ffc-88b4-5ce9c538e959] Ack server push request, request = NotifySubscriberRequest, requestId = 27
19:58:49:756  INFO 28040 --- [nacos-grpc-client-executor-50] com.alibaba.nacos.common.remote.client   : [b280dbd9-99ba-4ffc-88b4-5ce9c538e959] Receive server push request, request = NotifySubscriberRequest, requestId = 29
19:58:49:758  INFO 28040 --- [nacos-grpc-client-executor-50] com.alibaba.nacos.common.remote.client   : [b280dbd9-99ba-4ffc-88b4-5ce9c538e959] Ack server push request, request = NotifySubscriberRequest, requestId = 29
19:59:03:469  WARN 28040 --- [Thread-7] c.a.n.common.http.HttpClientBeanHolder   : [HttpClientBeanHolder] Start destroying common HttpClient
19:59:03:469  WARN 28040 --- [Thread-4] c.a.nacos.common.notify.NotifyCenter     : [NotifyCenter] Start destroying Publisher
19:59:03:470  WARN 28040 --- [Thread-4] c.a.nacos.common.notify.NotifyCenter     : [NotifyCenter] Destruction of the end
19:59:03:473  WARN 28040 --- [Thread-7] c.a.n.common.http.HttpClientBeanHolder   : [HttpClientBeanHolder] Destruction of the end
19:59:03:543  INFO 28040 --- [SpringApplicationShutdownHook] c.a.c.n.registry.NacosServiceRegistry    : De-registering from Nacos Server now...
19:59:03:547  INFO 28040 --- [SpringApplicationShutdownHook] c.a.c.n.registry.NacosServiceRegistry    : De-registration finished.
19:59:03:872  INFO 28040 --- [SpringApplicationShutdownHook] com.alibaba.nacos.common.remote.client   : Shutdown rpc client, set status to shutdown
19:59:03:873  INFO 28040 --- [SpringApplicationShutdownHook] com.alibaba.nacos.common.remote.client   : Shutdown client event executor java.util.concurrent.ScheduledThreadPoolExecutor@53b587fa[Running, pool size = 2, active threads = 2, queued tasks = 0, completed tasks = 0]
19:59:03:873  INFO 28040 --- [SpringApplicationShutdownHook] com.alibaba.nacos.common.remote.client   : Close current connection 1779710147317_192.168.12.1_5527
19:59:03:875  INFO 28040 --- [nacos-grpc-client-executor-55] c.a.n.c.remote.client.grpc.GrpcClient    : [1779710147317_192.168.12.1_5527]Ignore complete event,isRunning:false,isAbandon=false
19:59:03:883  INFO 28040 --- [SpringApplicationShutdownHook] c.a.n.c.remote.client.grpc.GrpcClient    : Shutdown grpc executor java.util.concurrent.ThreadPoolExecutor@2148a3a0[Running, pool size = 4, active threads = 0, queued tasks = 0, completed tasks = 56]
19:59:03:889  INFO 28040 --- [SpringApplicationShutdownHook] com.zaxxer.hikari.HikariDataSource       : HikariPool-1 - Shutdown initiated...
19:59:03:902  INFO 28040 --- [SpringApplicationShutdownHook] com.zaxxer.hikari.HikariDataSource       : HikariPool-1 - Shutdown completed.
19:59:07:945  INFO 6844 --- [main] com.hmall.pay.PayApplication             : Starting PayApplication using Java 17.0.18 on LAPTOP-TAHSHQGJ with PID 6844 (D:\shuangti\woekspace147\microService147\hmall\pay-service\target\classes started by guorenhao in D:\shuangti\woekspace147\microService147)
19:59:07:948 DEBUG 6844 --- [main] com.hmall.pay.PayApplication             : Running with Spring Boot v2.7.12, Spring v5.3.27
19:59:07:948  INFO 6844 --- [main] com.hmall.pay.PayApplication             : The following 1 profile is active: "dev"
19:59:09:460  INFO 6844 --- [main] o.s.cloud.context.scope.GenericScope     : BeanFactory id=2232bd13-cf03-3514-a87f-85b69303a67f
19:59:10:238  INFO 6844 --- [main] o.s.b.w.embedded.tomcat.TomcatWebServer  : Tomcat initialized with port(s): 8085 (http)
19:59:10:257  INFO 6844 --- [main] o.apache.catalina.core.StandardService   : Starting service [Tomcat]
19:59:10:258  INFO 6844 --- [main] org.apache.catalina.core.StandardEngine  : Starting Servlet engine: [Apache Tomcat/9.0.75]
19:59:10:526  INFO 6844 --- [main] o.a.c.c.C.[Tomcat].[localhost].[/]       : Initializing Spring embedded WebApplicationContext
19:59:10:527  INFO 6844 --- [main] w.s.c.ServletWebServerApplicationContext : Root WebApplicationContext: initialization completed in 2507 ms
19:59:10:808  INFO 6844 --- [main] o.s.c.openfeign.FeignClientFactoryBean   : For 'user-service' URL not provided. Will try picking an instance via load-balancing.
19:59:10:879  INFO 6844 --- [main] o.s.c.openfeign.FeignClientFactoryBean   : For 'trade-service' URL not provided. Will try picking an instance via load-balancing.
19:59:12:136  INFO 6844 --- [main] pertySourcedRequestMappingHandlerMapping : Mapped URL path [/v2/api-docs] onto method [springfox.documentation.swagger2.web.Swagger2ControllerWebMvc#getDocumentation(String, HttpServletRequest)]
19:59:12:760  INFO 6844 --- [main] com.alibaba.nacos.common.remote.client   : [RpcClientFactory] create a new rpc client of 4bcced37-d18e-4f4e-bdab-75b9d9e76e72
19:59:12:852  INFO 6844 --- [main] org.reflections.Reflections              : Reflections took 38 ms to scan 1 urls, producing 3 keys and 6 values 
19:59:12:886  INFO 6844 --- [main] org.reflections.Reflections              : Reflections took 11 ms to scan 1 urls, producing 4 keys and 9 values 
19:59:12:898  INFO 6844 --- [main] org.reflections.Reflections              : Reflections took 7 ms to scan 1 urls, producing 3 keys and 10 values 
19:59:12:901  WARN 6844 --- [main] org.reflections.Reflections              : given scan urls are empty. set urls in the configuration
19:59:12:909  INFO 6844 --- [main] org.reflections.Reflections              : Reflections took 7 ms to scan 1 urls, producing 1 keys and 5 values 
19:59:12:920  INFO 6844 --- [main] org.reflections.Reflections              : Reflections took 8 ms to scan 1 urls, producing 1 keys and 7 values 
19:59:12:933  INFO 6844 --- [main] org.reflections.Reflections              : Reflections took 9 ms to scan 1 urls, producing 2 keys and 8 values 
19:59:12:936  WARN 6844 --- [main] org.reflections.Reflections              : given scan urls are empty. set urls in the configuration
19:59:12:938  INFO 6844 --- [main] com.alibaba.nacos.common.remote.client   : [4bcced37-d18e-4f4e-bdab-75b9d9e76e72] RpcClient init label, labels = {module=naming, source=sdk}
19:59:12:942  INFO 6844 --- [main] com.alibaba.nacos.common.remote.client   : [4bcced37-d18e-4f4e-bdab-75b9d9e76e72] RpcClient init, ServerListFactory = com.alibaba.nacos.client.naming.core.ServerListManager
19:59:12:942  INFO 6844 --- [main] com.alibaba.nacos.common.remote.client   : [4bcced37-d18e-4f4e-bdab-75b9d9e76e72] Registry connection listener to current client:com.alibaba.nacos.client.naming.remote.gprc.redo.NamingGrpcRedoService
19:59:12:943  INFO 6844 --- [main] com.alibaba.nacos.common.remote.client   : [4bcced37-d18e-4f4e-bdab-75b9d9e76e72] Register server push request handler:com.alibaba.nacos.client.naming.remote.gprc.NamingPushRequestHandler
19:59:12:945  INFO 6844 --- [main] com.alibaba.nacos.common.remote.client   : [4bcced37-d18e-4f4e-bdab-75b9d9e76e72] Try to connect to server on start up, server: {serverIp = '192.168.12.6', server main port = 8848}
19:59:14:379  INFO 6844 --- [main] com.alibaba.nacos.common.remote.client   : [4bcced37-d18e-4f4e-bdab-75b9d9e76e72] Success to connect to server [192.168.12.6:8848] on start up, connectionId = 1779710351034_192.168.12.1_3113
19:59:14:379  INFO 6844 --- [com.alibaba.nacos.client.remote.worker] com.alibaba.nacos.common.remote.client   : [4bcced37-d18e-4f4e-bdab-75b9d9e76e72] Notify connected event to listeners.
19:59:14:380  INFO 6844 --- [main] com.alibaba.nacos.common.remote.client   : [4bcced37-d18e-4f4e-bdab-75b9d9e76e72] Register server push request handler:com.alibaba.nacos.common.remote.client.RpcClient$ConnectResetRequestHandler
19:59:14:381  INFO 6844 --- [main] com.alibaba.nacos.common.remote.client   : [4bcced37-d18e-4f4e-bdab-75b9d9e76e72] Register server push request handler:com.alibaba.nacos.common.remote.client.RpcClient$$Lambda$997/0x000000001c7ca918
19:59:14:442  INFO 6844 --- [main] o.s.b.w.embedded.tomcat.TomcatWebServer  : Tomcat started on port(s): 8085 (http) with context path ''
19:59:14:452  INFO 6844 --- [main] c.a.c.n.registry.NacosServiceRegistry    : nacos registry, DEFAULT_GROUP pay-service 10.40.16.98:8085 register finished
19:59:14:709  INFO 6844 --- [main] d.s.w.p.DocumentationPluginsBootstrapper : Documentation plugins bootstrapped
19:59:14:712  INFO 6844 --- [main] d.s.w.p.DocumentationPluginsBootstrapper : Found 1 custom documentation plugin(s)
19:59:14:739  INFO 6844 --- [main] s.d.s.w.s.ApiListingReferenceScanner     : Scanning for api listing references
19:59:14:833  INFO 6844 --- [main] com.hmall.pay.PayApplication             : Started PayApplication in 8.125 seconds (JVM running for 9.399)
19:59:14:994  INFO 6844 --- [nacos-grpc-client-executor-9] com.alibaba.nacos.common.remote.client   : [4bcced37-d18e-4f4e-bdab-75b9d9e76e72] Receive server push request, request = NotifySubscriberRequest, requestId = 30
19:59:14:997  INFO 6844 --- [nacos-grpc-client-executor-9] com.alibaba.nacos.common.remote.client   : [4bcced37-d18e-4f4e-bdab-75b9d9e76e72] Ack server push request, request = NotifySubscriberRequest, requestId = 30
19:59:19:576  INFO 6844 --- [http-nio-8085-exec-1] o.a.c.c.C.[Tomcat].[localhost].[/]       : Initializing Spring DispatcherServlet 'dispatcherServlet'
19:59:19:577  INFO 6844 --- [http-nio-8085-exec-1] o.s.web.servlet.DispatcherServlet        : Initializing Servlet 'dispatcherServlet'
19:59:19:580  INFO 6844 --- [http-nio-8085-exec-1] o.s.web.servlet.DispatcherServlet        : Completed initialization in 3 ms
19:59:19:673  INFO 6844 --- [http-nio-8085-exec-1] com.zaxxer.hikari.HikariDataSource       : HikariPool-1 - Starting...
19:59:19:893  INFO 6844 --- [http-nio-8085-exec-1] com.zaxxer.hikari.HikariDataSource       : HikariPool-1 - Start completed.
19:59:19:949 DEBUG 6844 --- [http-nio-8085-exec-1] c.h.p.mapper.PayOrderMapper.selectById   : ==>  Preparing: SELECT id,biz_order_no,pay_order_no,biz_user_id,pay_channel_code,amount,pay_type,status,expand_json,result_code,result_msg,pay_success_time,pay_over_time,qr_code_url,create_time,update_time,creater,updater,is_delete FROM pay_order WHERE id=?
19:59:19:980 DEBUG 6844 --- [http-nio-8085-exec-1] c.h.p.mapper.PayOrderMapper.selectById   : ==> Parameters: 1659160218174607363(Long)
19:59:20:021 DEBUG 6844 --- [http-nio-8085-exec-1] c.h.p.mapper.PayOrderMapper.selectById   : <==      Total: 1
19:59:20:699  INFO 6844 --- [nacos-grpc-client-executor-12] com.alibaba.nacos.common.remote.client   : [4bcced37-d18e-4f4e-bdab-75b9d9e76e72] Receive server push request, request = NotifySubscriberRequest, requestId = 31
19:59:20:700  INFO 6844 --- [nacos-grpc-client-executor-12] com.alibaba.nacos.common.remote.client   : [4bcced37-d18e-4f4e-bdab-75b9d9e76e72] Ack server push request, request = NotifySubscriberRequest, requestId = 31
19:59:20:887 ERROR 6844 --- [http-nio-8085-exec-1] o.a.c.c.C.[.[.[/].[dispatcherServlet]    : Servlet.service() for servlet [dispatcherServlet] in context with path [] threw exception [Request processing failed; nested exception is feign.FeignException$InternalServerError: [500] during [PUT] to [http://user-service/users/money/deduct?pw=123&amount=156000] [UserClient#deductMoney(String,Integer)]: [{"timestamp":"2026-05-25T11:59:20.826+00:00","status":500,"error":"Internal Server Error","path":"/users/money/deduct"}]] with root cause

feign.FeignException$InternalServerError: [500] during [PUT] to [http://user-service/users/money/deduct?pw=123&amount=156000] [UserClient#deductMoney(String,Integer)]: [{"timestamp":"2026-05-25T11:59:20.826+00:00","status":500,"error":"Internal Server Error","path":"/users/money/deduct"}]
	at feign.FeignException.serverErrorStatus(FeignException.java:250) ~[feign-core-11.8.jar:na]
	at feign.FeignException.errorStatus(FeignException.java:197) ~[feign-core-11.8.jar:na]
	at feign.FeignException.errorStatus(FeignException.java:185) ~[feign-core-11.8.jar:na]
	at feign.codec.ErrorDecoder$Default.decode(ErrorDecoder.java:92) ~[feign-core-11.8.jar:na]
	at feign.AsyncResponseHandler.handleResponse(AsyncResponseHandler.java:96) ~[feign-core-11.8.jar:na]
	at feign.SynchronousMethodHandler.executeAndDecode(SynchronousMethodHandler.java:138) ~[feign-core-11.8.jar:na]
	at feign.SynchronousMethodHandler.invoke(SynchronousMethodHandler.java:89) ~[feign-core-11.8.jar:na]
	at feign.ReflectiveFeign$FeignInvocationHandler.invoke(ReflectiveFeign.java:100) ~[feign-core-11.8.jar:na]
	at jdk.proxy2/jdk.proxy2.$Proxy102.deductMoney(Unknown Source) ~[na:na]
	at com.hmall.pay.service.impl.PayOrderServiceImpl.tryPayOrderByBalance(PayOrderServiceImpl.java:58) ~[classes/:na]
	at com.hmall.pay.service.impl.PayOrderServiceImpl$$FastClassBySpringCGLIB$$b2062e7f.invoke(<generated>) ~[classes/:na]
	at org.springframework.cglib.proxy.MethodProxy.invoke(MethodProxy.java:218) ~[spring-core-5.3.27.jar:5.3.27]
	at org.springframework.aop.framework.CglibAopProxy$CglibMethodInvocation.invokeJoinpoint(CglibAopProxy.java:793) ~[spring-aop-5.3.27.jar:5.3.27]
	at org.springframework.aop.framework.ReflectiveMethodInvocation.proceed(ReflectiveMethodInvocation.java:163) ~[spring-aop-5.3.27.jar:5.3.27]
	at org.springframework.aop.framework.CglibAopProxy$CglibMethodInvocation.proceed(CglibAopProxy.java:763) ~[spring-aop-5.3.27.jar:5.3.27]
	at org.springframework.transaction.interceptor.TransactionInterceptor$1.proceedWithInvocation(TransactionInterceptor.java:123) ~[spring-tx-5.3.27.jar:5.3.27]
	at org.springframework.transaction.interceptor.TransactionAspectSupport.invokeWithinTransaction(TransactionAspectSupport.java:388) ~[spring-tx-5.3.27.jar:5.3.27]
	at org.springframework.transaction.interceptor.TransactionInterceptor.invoke(TransactionInterceptor.java:119) ~[spring-tx-5.3.27.jar:5.3.27]
	at org.springframework.aop.framework.ReflectiveMethodInvocation.proceed(ReflectiveMethodInvocation.java:186) ~[spring-aop-5.3.27.jar:5.3.27]
	at org.springframework.aop.framework.CglibAopProxy$CglibMethodInvocation.proceed(CglibAopProxy.java:763) ~[spring-aop-5.3.27.jar:5.3.27]
	at org.springframework.aop.framework.CglibAopProxy$DynamicAdvisedInterceptor.intercept(CglibAopProxy.java:708) ~[spring-aop-5.3.27.jar:5.3.27]
	at com.hmall.pay.service.impl.PayOrderServiceImpl$$EnhancerBySpringCGLIB$$7b46c17b.tryPayOrderByBalance(<generated>) ~[classes/:na]
	at com.hmall.pay.controller.PayController.tryPayOrderByBalance(PayController.java:37) ~[classes/:na]
	at java.base/jdk.internal.reflect.NativeMethodAccessorImpl.invoke0(Native Method) ~[na:na]
	at java.base/jdk.internal.reflect.NativeMethodAccessorImpl.invoke(NativeMethodAccessorImpl.java:77) ~[na:na]
	at java.base/jdk.internal.reflect.DelegatingMethodAccessorImpl.invoke(DelegatingMethodAccessorImpl.java:43) ~[na:na]
	at java.base/java.lang.reflect.Method.invoke(Method.java:569) ~[na:na]
	at org.springframework.web.method.support.InvocableHandlerMethod.doInvoke(InvocableHandlerMethod.java:205) ~[spring-web-5.3.27.jar:5.3.27]
	at org.springframework.web.method.support.InvocableHandlerMethod.invokeForRequest(InvocableHandlerMethod.java:150) ~[spring-web-5.3.27.jar:5.3.27]
	at org.springframework.web.servlet.mvc.method.annotation.ServletInvocableHandlerMethod.invokeAndHandle(ServletInvocableHandlerMethod.java:117) ~[spring-webmvc-5.3.27.jar:5.3.27]
	at org.springframework.web.servlet.mvc.method.annotation.RequestMappingHandlerAdapter.invokeHandlerMethod(RequestMappingHandlerAdapter.java:895) ~[spring-webmvc-5.3.27.jar:5.3.27]
	at org.springframework.web.servlet.mvc.method.annotation.RequestMappingHandlerAdapter.handleInternal(RequestMappingHandlerAdapter.java:808) ~[spring-webmvc-5.3.27.jar:5.3.27]
	at org.springframework.web.servlet.mvc.method.AbstractHandlerMethodAdapter.handle(AbstractHandlerMethodAdapter.java:87) ~[spring-webmvc-5.3.27.jar:5.3.27]
	at org.springframework.web.servlet.DispatcherServlet.doDispatch(DispatcherServlet.java:1072) ~[spring-webmvc-5.3.27.jar:5.3.27]
	at org.springframework.web.servlet.DispatcherServlet.doService(DispatcherServlet.java:965) ~[spring-webmvc-5.3.27.jar:5.3.27]
	at org.springframework.web.servlet.FrameworkServlet.processRequest(FrameworkServlet.java:1006) ~[spring-webmvc-5.3.27.jar:5.3.27]
	at org.springframework.web.servlet.FrameworkServlet.doPost(FrameworkServlet.java:909) ~[spring-webmvc-5.3.27.jar:5.3.27]
	at javax.servlet.http.HttpServlet.service(HttpServlet.java:555) ~[tomcat-embed-core-9.0.75.jar:4.0.FR]
	at org.springframework.web.servlet.FrameworkServlet.service(FrameworkServlet.java:883) ~[spring-webmvc-5.3.27.jar:5.3.27]
	at javax.servlet.http.HttpServlet.service(HttpServlet.java:623) ~[tomcat-embed-core-9.0.75.jar:4.0.FR]
	at org.apache.catalina.core.ApplicationFilterChain.internalDoFilter(ApplicationFilterChain.java:209) ~[tomcat-embed-core-9.0.75.jar:9.0.75]
	at org.apache.catalina.core.ApplicationFilterChain.doFilter(ApplicationFilterChain.java:153) ~[tomcat-embed-core-9.0.75.jar:9.0.75]
	at org.apache.tomcat.websocket.server.WsFilter.doFilter(WsFilter.java:51) ~[tomcat-embed-websocket-9.0.75.jar:9.0.75]
	at org.apache.catalina.core.ApplicationFilterChain.internalDoFilter(ApplicationFilterChain.java:178) ~[tomcat-embed-core-9.0.75.jar:9.0.75]
	at org.apache.catalina.core.ApplicationFilterChain.doFilter(ApplicationFilterChain.java:153) ~[tomcat-embed-core-9.0.75.jar:9.0.75]
	at org.springframework.web.filter.RequestContextFilter.doFilterInternal(RequestContextFilter.java:100) ~[spring-web-5.3.27.jar:5.3.27]
	at org.springframework.web.filter.OncePerRequestFilter.doFilter(OncePerRequestFilter.java:117) ~[spring-web-5.3.27.jar:5.3.27]
	at org.apache.catalina.core.ApplicationFilterChain.internalDoFilter(ApplicationFilterChain.java:178) ~[tomcat-embed-core-9.0.75.jar:9.0.75]
	at org.apache.catalina.core.ApplicationFilterChain.doFilter(ApplicationFilterChain.java:153) ~[tomcat-embed-core-9.0.75.jar:9.0.75]
	at org.springframework.web.filter.FormContentFilter.doFilterInternal(FormContentFilter.java:93) ~[spring-web-5.3.27.jar:5.3.27]
	at org.springframework.web.filter.OncePerRequestFilter.doFilter(OncePerRequestFilter.java:117) ~[spring-web-5.3.27.jar:5.3.27]
	at org.apache.catalina.core.ApplicationFilterChain.internalDoFilter(ApplicationFilterChain.java:178) ~[tomcat-embed-core-9.0.75.jar:9.0.75]
	at org.apache.catalina.core.ApplicationFilterChain.doFilter(ApplicationFilterChain.java:153) ~[tomcat-embed-core-9.0.75.jar:9.0.75]
	at org.springframework.web.filter.CharacterEncodingFilter.doFilterInternal(CharacterEncodingFilter.java:201) ~[spring-web-5.3.27.jar:5.3.27]
	at org.springframework.web.filter.OncePerRequestFilter.doFilter(OncePerRequestFilter.java:117) ~[spring-web-5.3.27.jar:5.3.27]
	at org.apache.catalina.core.ApplicationFilterChain.internalDoFilter(ApplicationFilterChain.java:178) ~[tomcat-embed-core-9.0.75.jar:9.0.75]
	at org.apache.catalina.core.ApplicationFilterChain.doFilter(ApplicationFilterChain.java:153) ~[tomcat-embed-core-9.0.75.jar:9.0.75]
	at org.apache.catalina.core.StandardWrapperValve.invoke(StandardWrapperValve.java:167) ~[tomcat-embed-core-9.0.75.jar:9.0.75]
	at org.apache.catalina.core.StandardContextValve.invoke(StandardContextValve.java:90) ~[tomcat-embed-core-9.0.75.jar:9.0.75]
	at org.apache.catalina.authenticator.AuthenticatorBase.invoke(AuthenticatorBase.java:481) ~[tomcat-embed-core-9.0.75.jar:9.0.75]
	at org.apache.catalina.core.StandardHostValve.invoke(StandardHostValve.java:130) ~[tomcat-embed-core-9.0.75.jar:9.0.75]
	at org.apache.catalina.valves.ErrorReportValve.invoke(ErrorReportValve.java:93) ~[tomcat-embed-core-9.0.75.jar:9.0.75]
	at org.apache.catalina.core.StandardEngineValve.invoke(StandardEngineValve.java:74) ~[tomcat-embed-core-9.0.75.jar:9.0.75]
	at org.apache.catalina.connector.CoyoteAdapter.service(CoyoteAdapter.java:343) ~[tomcat-embed-core-9.0.75.jar:9.0.75]
	at org.apache.coyote.http11.Http11Processor.service(Http11Processor.java:390) ~[tomcat-embed-core-9.0.75.jar:9.0.75]
	at org.apache.coyote.AbstractProcessorLight.process(AbstractProcessorLight.java:63) ~[tomcat-embed-core-9.0.75.jar:9.0.75]
	at org.apache.coyote.AbstractProtocol$ConnectionHandler.process(AbstractProtocol.java:926) ~[tomcat-embed-core-9.0.75.jar:9.0.75]
	at org.apache.tomcat.util.net.NioEndpoint$SocketProcessor.doRun(NioEndpoint.java:1791) ~[tomcat-embed-core-9.0.75.jar:9.0.75]
	at org.apache.tomcat.util.net.SocketProcessorBase.run(SocketProcessorBase.java:52) ~[tomcat-embed-core-9.0.75.jar:9.0.75]
	at org.apache.tomcat.util.threads.ThreadPoolExecutor.runWorker(ThreadPoolExecutor.java:1191) ~[tomcat-embed-core-9.0.75.jar:9.0.75]
	at org.apache.tomcat.util.threads.ThreadPoolExecutor$Worker.run(ThreadPoolExecutor.java:659) ~[tomcat-embed-core-9.0.75.jar:9.0.75]
	at org.apache.tomcat.util.threads.TaskThread$WrappingRunnable.run(TaskThread.java:61) ~[tomcat-embed-core-9.0.75.jar:9.0.75]
	at java.base/java.lang.Thread.run(Thread.java:840) ~[na:na]

20:07:28:930  WARN 6844 --- [Thread-4] c.a.nacos.common.notify.NotifyCenter     : [NotifyCenter] Start destroying Publisher
20:07:28:930  WARN 6844 --- [Thread-7] c.a.n.common.http.HttpClientBeanHolder   : [HttpClientBeanHolder] Start destroying common HttpClient
20:07:28:933  WARN 6844 --- [Thread-4] c.a.nacos.common.notify.NotifyCenter     : [NotifyCenter] Destruction of the end
20:07:28:937  WARN 6844 --- [Thread-7] c.a.n.common.http.HttpClientBeanHolder   : [HttpClientBeanHolder] Destruction of the end
20:07:29:019  INFO 6844 --- [SpringApplicationShutdownHook] c.a.c.n.registry.NacosServiceRegistry    : De-registering from Nacos Server now...
20:07:29:023  INFO 6844 --- [SpringApplicationShutdownHook] c.a.c.n.registry.NacosServiceRegistry    : De-registration finished.
20:07:29:356  INFO 6844 --- [SpringApplicationShutdownHook] com.alibaba.nacos.common.remote.client   : Shutdown rpc client, set status to shutdown
20:07:29:357  INFO 6844 --- [SpringApplicationShutdownHook] com.alibaba.nacos.common.remote.client   : Shutdown client event executor java.util.concurrent.ScheduledThreadPoolExecutor@75c4b86b[Running, pool size = 2, active threads = 2, queued tasks = 0, completed tasks = 0]
20:07:29:357  INFO 6844 --- [SpringApplicationShutdownHook] com.alibaba.nacos.common.remote.client   : Close current connection 1779710351034_192.168.12.1_3113
20:07:29:359  INFO 6844 --- [nacos-grpc-client-executor-118] c.a.n.c.remote.client.grpc.GrpcClient    : [1779710351034_192.168.12.1_3113]Ignore complete event,isRunning:false,isAbandon=false
20:07:29:369  INFO 6844 --- [SpringApplicationShutdownHook] c.a.n.c.remote.client.grpc.GrpcClient    : Shutdown grpc executor java.util.concurrent.ThreadPoolExecutor@6446d46a[Running, pool size = 4, active threads = 0, queued tasks = 0, completed tasks = 119]
20:07:29:374  INFO 6844 --- [SpringApplicationShutdownHook] com.zaxxer.hikari.HikariDataSource       : HikariPool-1 - Shutdown initiated...
20:07:29:390  INFO 6844 --- [SpringApplicationShutdownHook] com.zaxxer.hikari.HikariDataSource       : HikariPool-1 - Shutdown completed.
